Workbook

Sheet Formulas_Overview
B3: From: | C3: ='Formulas_Progressive Report'!D4 -> 46235 | D3: To: | E3: =meta_sheet!A4-1 -> 46251
B4: Locations | D4: Daily | E4: MTD
B5: 66KV CR panel | D5: =HLOOKUP(E3,'Formulas_Progressive Report'!D4:AH67,2,0) -> 67929.429 | E5: =SUM('Formulas_Progressive Report'!D5:AH5) -> 1154121
B6: Cell Line Consumption | D6: =HLOOKUP($E$3,'Formulas_Departments Summary'!$D$3:$AH$18,2,0) -> 41051.655 | E6: =SUM('Formulas_Departments Summary'!D4:AH4) -> 690604.16
B7: Module line consumption | D7: =HLOOKUP($E$3,'Formulas_Departments Summary'!$D$3:$AH$18,3,0) -> 3366.5459 | E7: =SUM('Formulas_Departments Summary'!D5:AH5) -> 58520.597
B8: Transformer - 1. O/G Breaker | D8: =HLOOKUP($E$3,'Formulas_Progressive Report'!$D$4:$AH$67,6,0) -> 7684.0613 | E8: =SUM('Formulas_Progressive Report'!D9:AH9) -> 142415.18
B9: Transformer - 2. O/G Breaker | D9: =HLOOKUP($E$3,'Formulas_Progressive Report'!$D$4:$AH$67,7,0) -> 7886.526 | E9: =SUM('Formulas_Progressive Report'!D10:AH10) -> 133857.55
B10: Transformer - 3. O/G Breaker | D10: =HLOOKUP($E$3,'Formulas_Progressive Report'!$D$4:$AH$67,8,0) -> 8815.7028 | E10: =SUM('Formulas_Progressive Report'!D11:AH11) -> 150576.46
B11: Transformer - 4. O/G Breaker | D11: =HLOOKUP($E$3,'Formulas_Progressive Report'!$D$4:$AH$67,9,0) -> 7838.3902 | E11: =SUM('Formulas_Progressive Report'!D12:AH12) -> 134311.25
B12: Transformer - 5. O/G Breaker | D12: =HLOOKUP($E$3,'Formulas_Progressive Report'!$D$4:$AH$67,10,0) -> 12021.934 | E12: =SUM('Formulas_Progressive Report'!D13:AH13) -> 185245.45
B13: Total Transformer | D13: =SUM(D8:D12) -> 44246.614 | E13: =SUM(E8:E12) -> 746405.89
B14: DG - 1 (825) KVA | D14: =HLOOKUP($E$3,Formulas_DG!$D$3:$AH$13,2,0) -> 1.92 | E14: =SUM(Formulas_DG!D4:AH4) -> 3.392
B15: DG - 3 (1025) KVA | D15: =HLOOKUP($E$3,Formulas_DG!$D$3:$AH$13,3,0) -> 0 | E15: =SUM(Formulas_DG!D5:AH5) -> 0.512
B16: DG - 4 (1025) KVA | D16: =HLOOKUP($E$3,Formulas_DG!$D$3:$AH$13,4,0) -> 1.984 | E16: =SUM(Formulas_DG!D6:AH6) -> 3.52
B17: 11KV DG Cummins-4 | D17: =HLOOKUP($E$3,Formulas_DG!$D$3:$AH$13,5,0) -> 0 | E17: =SUM(Formulas_DG!D7:AH7) -> 0
B18: 11KV DG, MTU-5 | D18: =HLOOKUP($E$3,Formulas_DG!$D$3:$AH$13,6,0) -> 0.064 | E18: =SUM(Formulas_DG!D8:AH8) -> 0.192
B19: 11KV DG, Cummins-6 | D19: =HLOOKUP($E$3,Formulas_DG!$D$3:$AH$13,7,0) -> 0.192 | E19: =SUM(Formulas_DG!D9:AH9) -> 0.896
B20: 11KV DG, Cummins-7 | D20: =HLOOKUP($E$3,Formulas_DG!$D$3:$AH$13,8,0) -> 0.032 | E20: =SUM(Formulas_DG!D10:AH10) -> 0.352
B21: E & P office DG 1 - 365KVA | D21: =HLOOKUP($E$3,Formulas_DG!$D$3:$AH$13,9,0) -> 0 | E21: =SUM(Formulas_DG!D11:AH11) -> 847.39844
B22: E & P office DG 2 - 380KVA | D22: =HLOOKUP($E$3,Formulas_DG!$D$3:$AH$13,10,0) -> 0 | E22: =SUM(Formulas_DG!D12:AH12) -> 0
A23: =meta_sheet!A4-1 -> 46251 | B23: Total DG | D23: =SUM(D14:D22) -> 4.192 | E23: =SUM(E14:E22) -> 856.26244
B24: 60KW Solar ( Above ATS) | D24: =HLOOKUP($A$23,$E$104:$AJ$113,ROW(A2),0) -> 319 | E24: =AJ105 -> 4489.0938
B25: 20KW Solar (Above Canteen ) | D25: =HLOOKUP($A$23,$E$104:$AJ$113,ROW(A3),0) -> 89.53125 | E25: =AJ106 -> 935.76562
B26: 110kw Solar (LT Room) | D26: =HLOOKUP($A$23,$E$104:$AJ$113,ROW(A4),0) -> 0 | E26: =AJ107 -> 0
B27: 230KW Solar ( Chiller area 3 to 6) | D27: =HLOOKUP($A$23,$E$104:$AJ$113,ROW(A5),0) -> 692.112 | E27: =AJ108 -> 10266.53
B28: 180KW Solar (Hexa AHU Area) | D28: =HLOOKUP($A$23,$E$104:$AJ$113,ROW(A6),0) -> 16.6745 | E28: =AJ109 -> 514.009
B29: 40KW solar (PECVD Pump Room) | D29: =HLOOKUP($A$23,$E$104:$AJ$113,ROW(A7),0) -> 469.23 | E29: =AJ110 -> 7335.87
B30: Solar Near STP | D30: =HLOOKUP($A$23,$E$104:$AJ$113,ROW(A8),0) -> 13.52 | E30: =AJ111 -> 244.608
B31: Solar Near Gate-1 Pathway Staircase | D31: =HLOOKUP($A$23,$E$104:$AJ$113,ROW(A9),0) -> 185.024 | E31: =AJ112 -> 2902.4
B32: Solar Near Parking Area | D32: =HLOOKUP($A$23,$E$104:$AJ$113,ROW(A10),0) -> 0 | E32: =AJ113 -> 0
B33: Total Solar | D33: =SUM(D24:D32) -> 1785.0918 | E33: =SUM(E24:E32) -> 26688.277
C101: 2001 | D101: 1440
C102: =meta_sheet!A3 -> 46235 | D102: =meta_sheet!A4 -> 46252 | E102: =meta_sheet!A1 -> 0.25
B104: Sr. No. | C104: Locations | E104: =C102 -> 46235 | F104: =E104+1 -> 46236 | G104: =F104+1 -> 46237 | H104: =G104+1 -> 46238 | I104: =H104+1 -> 46239 | J104: =I104+1 -> 46240 | K104: =J104+1 -> 46241 | L104: =K104+1 -> 46242 | M104: =L104+1 -> 46243 | ... AI104: =AH104+1 -> 46265 | AJ104: Total
B105: 1 | C105: 60KW Solar ( Above ATS) | D105: 11878 | E105: 241.59375 | F105: 259.5 | G105: 212.8125 | H105: 219.09375 | I105: 253.71875 | J105: 259.46875 | K105: 170.8125 | L105: 283.375 | M105: 242.90625 | N105: 264.96875 | O105: 284.34375 | P105: 306.1875 | Q105: 313.34375 | R105: 289.75 | S105: 271.21875 | T105: 297 | U105: 319 | AJ105: =SUM(E105:AI105) -> 4489.0938
B106: 2 | C106: 20KW Solar (Above Canteen ) | D106: 11912 | E106: 71.0625 | F106: 77.625 | G106: 51.15625 | H106: 62.765625 | I106: 20.609375 | J106: 44.609375 | K106: 23.265625 | L106: 18.84375 | M106: 18.421875 | N106: 29.734375 | O106: 44.0625 | P106: 48.609375 | Q106: 92.9375 | R106: 87.625 | S106: 53.5 | T106: 101.40625 | U106: 89.53125 | AJ106: =SUM(E106:AI106) -> 935.76562
B107: 3 | C107: 110KW Solar (Above LT Room) | D107: 14181 | E107: 0 | F107: 0 | G107: 0 | H107: 0 | I107: 0 | J107: 0 | K107: 0 | L107: 0 | M107: 0 | N107: 0 | O107: 0 | P107: 0 | Q107: 0 | R107: 0 | S107: 0 | T107: 0 | U107: 0 | AJ107: =SUM(E107:AI107) -> 0
B108: 4 | C108: 230Kw Solar kit( chiller area 3to6) | D108: 23137 | E108: 535.708 | F108: 590.5125 | G108: 450.715 | H108: 482.597 | I108: 587.595 | J108: 548.901 | K108: 371.741 | L108: 609.605 | M108: 559.779 | N108: 685.03 | O108: 670.603 | P108: 679.339 | Q108: 713.989 | R108: 665.409 | S108: 645.913 | T108: 776.982 | U108: 692.112 | AJ108: =SUM(E108:AI108) -> 10266.53
B109: 5 | C109: 180KW Solar (Hexa AHU Area) | D109: 22957 | E109: 28.948 | F109: 32.01175 | G109: 23.1525 | H109: 26.54625 | I109: 30.6075 | J109: 28.97 | K109: 18.8025 | L109: 33.00725 | M109: 30.8265 | N109: 32.9435 | O109: 36.5055 | P109: 34.509 | Q109: 37.633 | R109: 29.7585 | S109: 33.73375 | T109: 39.379 | U109: 16.6745 | AJ109: =SUM(E109:AI109) -> 514.009
B110: 6 | C110: 40KW solar (PECVD Pump Room) | D110: 22958 | E110: 393.316 | F110: 422.342 | G110: 331.164 | H110: 350.814 | I110: 430.78 | J110: 402.748 | K110: 278.458 | L110: 447.386 | M110: 394.512 | N110: 474.616 | O110: 472.674 | P110: 479.836 | Q110: 505.148 | R110: 473.792 | S110: 466.346 | T110: 542.708 | U110: 469.23 | AJ110: =SUM(E110:AI110) -> 7335.87
B111: 7 | C111: Solar Near STP | D111: 40236 | E111: 12.224 | F111: 13.856 | G111: 8.288 | H111: 11.232 | I111: 14.192 | J111: 13.456 | K111: 8.08 | L111: 15.84 | M111: 15.056 | N111: 16.976 | O111: 17.888 | P111: 16.064 | Q111: 17.744 | R111: 15.872 | S111: 15.856 | T111: 18.464 | U111: 13.52 | AJ111: =SUM(E111:AI111) -> 244.608
B112: 8 | C112: Solar Near Gate-1 Pathway Staircase | D112: 40237 | E112: 161.6 | F112: 175.68 | G112: 128.192 | H112: 140.48 | I112: 174.912 | J112: 160 | K112: 107.136 | L112: 182.528 | M112: 168.96 | N112: 177.152 | O112: 185.344 | P112: 187.648 | Q112: 191.616 | R112: 182.336 | S112: 187.136 | T112: 206.656 | U112: 185.024 | AJ112: =SUM(E112:AI112) -> 2902.4
B113: 9 | C113: Solar Near Parking Area | D113: 40238 | E113: 0 | F113: 0 | G113: 0 | H113: 0 | I113: 0 | J113: 0 | K113: 0 | L113: 0 | M113: 0 | N113: 0 | O113: 0 | P113: 0 | Q113: 0 | R113: 0 | S113: 0 | T113: 0 | U113: 0 | AJ113: =SUM(E113:AI113) -> 0
C114: Total | E114: =SUM(E105:E113) -> 1444.4522 | F114: =SUM(F105:F113) -> 1571.5273 | G114: =SUM(G105:G113) -> 1205.4802 | H114: =SUM(H105:H113) -> 1293.5286 | I114: =SUM(I105:I113) -> 1512.4146 | J114: =SUM(J105:J113) -> 1458.1531 | K114: =SUM(K105:K113) -> 978.29563 | L114: =SUM(L105:L113) -> 1590.585 | ... AJ114: =SUM(AJ105:AJ113) -> 26688.277

Sheet Formulas_Consumption Summary
B3: From: | C3: ='Formulas_Departments Summary'!D3 -> 46235 | D3: To: | E3: =meta_sheet!A4-1 -> 46251 | H3: Locations - E & P office | J3: Daily | K3: MTD
B4: Locations - Manufacturing | D4: Daily | E4: MTD | H4: Import energy from EB
B5: Import energy from EB | H5: E & P office EB Incomer | J5: =HLOOKUP(E3,'Formulas_Progressive Report'!D4:AH67,64,0) -> 0 | K5: =SUM('Formulas_Progressive Report'!D64:AH64) -> 27153.95
B6: 66KV CR panel | D6: =HLOOKUP(E3,'Formulas_Progressive Report'!D4:AH67,2,0) -> 67929.429 | E6: =SUM('Formulas_Progressive Report'!D5:AH5) -> 1154121 | H6: MD recorded | J6: =VLOOKUP(E3,'PF & Demand'!K5:N37,3,0) -> 125.4683 | K6: =SUM('PF & Demand'!M7:M37) -> 1894.5862
B7: MD Recorded | D7: =VLOOKUP($E$3,'PF & Demand'!$K$6:$R$37,2,0) -> 2.9729669 | E7: =MAX('PF & Demand'!L7:L37) -> 3.100556 | H7: PF | J7: =VLOOKUP(E3,'PF & Demand'!K6:R37,6,0) -> 1 | K7: =MAX('PF & Demand'!Q7:Q37) -> 0.89309465
B8: PF | D8: =VLOOKUP($E$3,'PF & Demand'!$K$6:$R$37,6,0) -> 1 | E8: =IFERROR(AVERAGEIF('PF & Demand'!P6:P37,">0",'PF & Demand'!P6:P37),"-") -> 0.99998277 | H8: Captive Generation DG | J8: =SUM(J9:J10) -> 0.032 | K8: =SUM(K9:K10) -> 847.39844
B9: Captive Generation DG | D9: =SUM(D10:D16) -> 4.192 | E9: =SUM(E10:E16) -> 8.864 | H9: E & P office DG 1 - 365KVA | J9: =HLOOKUP($E$3,Formulas_DG!$D$3:$AH$13,ROW(C8),FALSE) -> 0.032 | K9: =SUM(Formulas_DG!D11:AH11) -> 847.39844
B10: =Formulas_Overview!B14 -> DG - 1 (825) KVA | D10: =Formulas_Overview!D14 -> 1.92 | E10: =Formulas_Overview!E14 -> 3.392 | H10: E & P office DG 2 - 380KVA | J10: =HLOOKUP($E$3,Formulas_DG!$D$3:$AH$13,ROW(C9),FALSE) -> 0 | K10: =SUM(Formulas_DG!D12:AH12) -> 0
B11: =Formulas_Overview!B15 -> DG - 3 (1025) KVA | D11: =Formulas_Overview!D15 -> 0 | E11: =Formulas_Overview!E15 -> 0.512
B12: =Formulas_Overview!B16 -> DG - 4 (1025) KVA | D12: =Formulas_Overview!D16 -> 1.984 | E12: =Formulas_Overview!E16 -> 3.52 | H12: Locations - Ware house | J12: Daily | K12: MTD
B13: =Formulas_Overview!B17 -> 11KV DG Cummins-4 | D13: =Formulas_Overview!D17 -> 0 | E13: =Formulas_Overview!E17 -> 0 | H13: Import energy from EB
B14: =Formulas_Overview!B18 -> 11KV DG, MTU-5 | D14: =Formulas_Overview!D18 -> 0.064 | E14: =Formulas_Overview!E18 -> 0.192 | H14: Ware house EB Incomer | J14: =HLOOKUP(E3,'Formulas_Progressive Report'!D4:AH67,65,0) -> #REF! | K14: =SUM('Formulas_Progressive Report'!D65:AH65) -> 5866.2312
B15: =Formulas_Overview!B19 -> 11KV DG, Cummins-6 | D15: =Formulas_Overview!D19 -> 0.192 | E15: =Formulas_Overview!E19 -> 0.896
B16: =Formulas_Overview!B20 -> 11KV DG, Cummins-7 | D16: =Formulas_Overview!D20 -> 0.032 | E16: =Formulas_Overview!E20 -> 0.352
B17: Generation Solar | D17: =SUM(D18:D26) -> 1785.0918 | E17: =SUM(E18:E26) -> 26688.277 | H17: MD recorded | J17: =VLOOKUP(E3,'PF & Demand'!K6:R37,4,0) -> 47.37132 | K17: =MAX('PF & Demand'!N7:N37) -> 49.015617
B18: 60KW Solar ( Above ATS) | D18: =Formulas_Overview!D24 -> 319 | E18: =Formulas_Overview!E24 -> 4489.0938 | H18: PF | J18: =VLOOKUP(E3,'PF & Demand'!K6:R37,4,0) -> 47.37132 | K18: =IFERROR(AVERAGEIF('PF & Demand'!R6:R37,">0",'PF & Demand'!R6:R37),"0") -> 0.50845369
B19: 20KW Solar (Above Canteen ) | D19: =Formulas_Overview!D25 -> 89.53125 | E19: =Formulas_Overview!E25 -> 935.76562 | H19: Captive Generation DG
B20: 110kw Solar (LT Room) | D20: =Formulas_Overview!D26 -> 0 | E20: =Formulas_Overview!E26 -> 0 | H20: Ware house DG - 125KVA | J20: =HLOOKUP(E3,Formulas_DG!D3:AH13,9,0) -> 0 | K20: =SUM(Formulas_DG!D13:AH13) -> 161.58398
B21: 230KW Solar ( Chiller area 3 to 6) | D21: =Formulas_Overview!D27 -> 692.112 | E21: =Formulas_Overview!E27 -> 10266.53
B22: 180KW Solar (Hexa AHU Area) | D22: =Formulas_Overview!D28 -> 16.6745 | E22: =Formulas_Overview!E28 -> 514.009
B23: 40KW solar (PECVD Pump Room) | D23: =Formulas_Overview!D29 -> 469.23 | E23: =Formulas_Overview!E29 -> 7335.87
B24: Solar Near STP | D24: =Formulas_Overview!D30 -> 13.52 | E24: =Formulas_Overview!E30 -> 244.608
B25: Solar Near Gate-1 Pathway Staircase | D25: =Formulas_Overview!D31 -> 185.024 | E25: =Formulas_Overview!E31 -> 2902.4
B26: Solar Near Parking Area | D26: =Formulas_Overview!D32 -> 0 | E26: =Formulas_Overview!E32 -> 0
B27: Total | D27: =SUM(D18:D26) -> 1785.0918 | E27: =SUM(E18:E26) -> 26688.277
B28: ETP Consumption
B29: Transformer - 5. O/G Breaker | D29: =Formulas_Overview!D12 -> 12021.934 | E29: =Formulas_Overview!E12 -> 185245.45
B30: STP Consumption
B31: MV - 1 New STP | D31: =HLOOKUP(E3,'Formulas_Progressive Report'!D4:AH67,43,0) -> 0 | E31: =SUM('Formulas_Progressive Report'!D47:AH47) -> 0
B32: Total | D32: =D6+D9+D17 -> 69718.713 | E32: =E6+E9+E17 -> 1180818.2
B34: EB Consumption
B35: Cell Line Consumption | D35: =HLOOKUP($E$3,'Formulas_Departments Summary'!$D$3:$AH$18,ROW(C2),0) -> 41051.655 | E35: =SUM('Formulas_Departments Summary'!D4:AH4) -> 690604.16
B36: Module Line Consumption | D36: =HLOOKUP($E$3,'Formulas_Departments Summary'!$D$3:$AH$18,ROW(C3),0) -> 3366.5459 | E36: =SUM('Formulas_Departments Summary'!D5:AH5) -> 58520.597
B37: DG Consumption
B38: DG consumption for Cell line | D38: =HLOOKUP($E$3,'Formulas_Departments Summary'!$D$3:$AH$7,ROW(C4),0) -> 4.16 | E38: =SUM('Formulas_Departments Summary'!D6:AH6) -> 8.512
B39: DG consumption for Module line | D39: =HLOOKUP($E$3,'Formulas_Departments Summary'!$D$3:$AH$7,ROW(C5),0) -> 0 | E39: =SUM('Formulas_Departments Summary'!D7:AH7) -> 0
B40: EB+DG+Solar
B41: Total Cell line consumption | D41: =HLOOKUP($E$3,'Formulas_Departments Summary'!$C$3:$AH$18,ROW(C6),0) -> 41055.815 | E41: =SUM('Formulas_Departments Summary'!D8:AH8) -> 690612.68
B42: Total Module line consumption | D42: =HLOOKUP($E$3,'Formulas_Departments Summary'!$C$3:$AH$18,ROW(C7),0) -> 3366.5459 | E42: =SUM('Formulas_Departments Summary'!D9:AH9) -> 58520.597
B43: Cell line CDA Consumption | D43: =HLOOKUP($E$3,'Formulas_Departments Summary'!$C$3:$AH$18,ROW(C8),0) -> 7101.5341 | E43: =SUM('Formulas_Departments Summary'!D10:AH10) -> 132910.45
B44: Module CDA cunsumption | D44: =HLOOKUP($E$3,'Formulas_Departments Summary'!$C$3:$AH$18,ROW(C10),0) -> 9968.947 | E44: =SUM('Formulas_Departments Summary'!D12:AH12) -> 173363.85
B45: Cell line tools Consumption | D45: =HLOOKUP($E$3,'Formulas_Departments Summary'!$C$3:$AH$18,ROW(C11),0) -> 22175.754 | E45: =SUM('Formulas_Departments Summary'!D13:AH13) -> 353114.6
B46: Module line AC Consumption | D46: =HLOOKUP($E$3,'Formulas_Departments Summary'!$C$3:$AH$18,ROW(C12),0) -> -953.088 | E46: =SUM('Formulas_Departments Summary'!D14:AH14) -> -14673.569
B47: Module line tools Consumption | D47: =HLOOKUP($E$3,'Formulas_Departments Summary'!$C$3:$AH$18,ROW(C14),0) -> 4319.6339 | E47: =SUM('Formulas_Departments Summary'!D16:AH16) -> 73194.166

Sheet Formulas_Carbon Footprint
B4: Locations - Manufacturing | D4: Daily | E4: MTD | I4: Daily | J4: MTD | L4: Locations - Ware house | N4: Daily | O4: MTD
B5: Import energy from EB | G5: Import energy from EB | L5: Import energy from EB
B6: 66KV CR panel | D6: ='Formulas_Consumption Summary'!D6 -> 67929.429 | E6: ='Formulas_Consumption Summary'!E6 -> 1154121 | G6: E & P office EB Incomer | I6: ='Formulas_Consumption Summary'!J5 -> 0 | J6: ='Formulas_Consumption Summary'!K5 -> 27153.95 | L6: Ware house EB Incomer | N6: ='Formulas_Consumption Summary'!J14 -> #REF! | O6: ='Formulas_Consumption Summary'!K14 -> 5866.2312
B7: Carbon Emission 1 | D7: =D6*0.8 -> 54343.543 | E7: =E6*0.8 -> 923296.84 | G7: Carbon Emission 1 | I7: =I6*0.8 -> 0 | J7: =J6*0.8 -> 21723.16 | L7: Carbon Emission 1 | N7: =N6*0.8 -> #REF! | O7: =O6*0.8 -> 4692.985
B8: Captive Generation DG | D8: ='Formulas_Consumption Summary'!D9 -> 4.192 | E8: ='Formulas_Consumption Summary'!E9 -> 8.864 | G8: Captive Generation DG | I8: ='Formulas_Consumption Summary'!J8 -> 0.032 | J8: ='Formulas_Consumption Summary'!K8 -> 847.39844 | L8: Captive Generation DG | N8: ='Formulas_Consumption Summary'!J19 -> 0 | O8: ='Formulas_Consumption Summary'!K19 -> 0
B9: ='Formulas_Consumption Summary'!B10 -> DG - 1 (825) KVA | D9: ='Formulas_Consumption Summary'!D10 -> 1.92 | E9: ='Formulas_Consumption Summary'!E10 -> 3.392 | G9: E & P office DG 1 - 365KVA | I9: ='Formulas_Consumption Summary'!J9 -> 0.032 | J9: ='Formulas_Consumption Summary'!K9 -> 847.39844 | L9: Ware house DG - 125KVA | N9: ='Formulas_Consumption Summary'!J19 -> 0 | O9: ='Formulas_Consumption Summary'!K19 -> 0
B10: ='Formulas_Consumption Summary'!B11 -> DG - 3 (1025) KVA | D10: ='Formulas_Consumption Summary'!D11 -> 0 | E10: ='Formulas_Consumption Summary'!E11 -> 0.512 | G10: E & P office DG 2 - 380KVA | I10: ='Formulas_Consumption Summary'!J10 -> 0 | J10: ='Formulas_Consumption Summary'!K10 -> 0
B11: ='Formulas_Consumption Summary'!B12 -> DG - 4 (1025) KVA | D11: ='Formulas_Consumption Summary'!D12 -> 1.984 | E11: ='Formulas_Consumption Summary'!E12 -> 3.52
B12: ='Formulas_Consumption Summary'!B13 -> 11KV DG Cummins-4 | D12: ='Formulas_Consumption Summary'!D13 -> 0 | E12: ='Formulas_Consumption Summary'!E13 -> 0
B13: ='Formulas_Consumption Summary'!B14 -> 11KV DG, MTU-5 | D13: ='Formulas_Consumption Summary'!D14 -> 0.064 | E13: ='Formulas_Consumption Summary'!E14 -> 0.192
B14: ='Formulas_Consumption Summary'!B15 -> 11KV DG, Cummins-6 | D14: ='Formulas_Consumption Summary'!D15 -> 0.192 | E14: ='Formulas_Consumption Summary'!E15 -> 0.896
B15: ='Formulas_Consumption Summary'!B16 -> 11KV DG, Cummins-7 | D15: ='Formulas_Consumption Summary'!D16 -> 0.032 | E15: ='Formulas_Consumption Summary'!E16 -> 0.352
B16: Carbon Emission 2 | D16: =D8*2.72 -> 11.40224 | E16: =E8*2.72 -> 24.11008 | G16: Carbon Emission 2 | I16: =I8*2.72 -> 0.08704 | J16: =J8*2.72 -> 2304.9238 | L16: Carbon Emission 2 | N16: =N8*2.72 -> 0 | O16: =O8*2.72 -> 0
B17: Generation Solar Roof top | D17: ='Formulas_Consumption Summary'!D17 -> 1785.0918 | E17: ='Formulas_Consumption Summary'!E17 -> 26688.277 | G17: Generation Solar Roof top | L17: Generation Solar Roof top
B18: 60KW Solar ( Above ATS) | D18: ='Formulas_Consumption Summary'!D18 -> 319 | E18: ='Formulas_Consumption Summary'!E18 -> 4489.0938
B19: 20KW Solar (Above Canteen ) | D19: ='Formulas_Consumption Summary'!D19 -> 89.53125 | E19: ='Formulas_Consumption Summary'!E19 -> 935.76562
B20: 110kw Solar (LT Room) | D20: ='Formulas_Consumption Summary'!D20 -> 0 | E20: ='Formulas_Consumption Summary'!E20 -> 0
B21: 230KW Solar ( Chiller area 3 to 6) | D21: ='Formulas_Consumption Summary'!D21 -> 692.112 | E21: ='Formulas_Consumption Summary'!E21 -> 10266.53
B22: 180KW Solar (Hexa AHU Area) | D22: ='Formulas_Consumption Summary'!D22 -> 16.6745 | E22: ='Formulas_Consumption Summary'!E22 -> 514.009 | G22: Carbon Emission 3 | I22: =I17*2.72 -> 0 | J22: =J17*2.72 -> 0 | L22: Carbon Emission 3 | N22: =N17*2.72 -> 0 | O22: =O17*2.72 -> 0
B23: 40KW solar (PECVD Pump Room) | D23: ='Formulas_Consumption Summary'!D23 -> 469.23 | E23: ='Formulas_Consumption Summary'!E23 -> 7335.87 | G23: Net Carbon Emission | I23: =I7+I16+I22 -> 0.08704 | J23: =J7+J16+J22 -> 24028.084 | L23: Net Carbon Emission | N23: =N7+N16+N22 -> #REF! | O23: =O7+O16+O22 -> 4692.985
B24: Solar Near STP | D24: ='Formulas_Consumption Summary'!D24 -> 13.52 | E24: ='Formulas_Consumption Summary'!E24 -> 244.608
B25: Solar Near Gate-1 Pathway Staircase | D25: ='Formulas_Consumption Summary'!D25 -> 185.024 | E25: ='Formulas_Consumption Summary'!E25 -> 2902.4
B26: Solar Near Parking Area | D26: ='Formulas_Consumption Summary'!D26 -> 0 | E26: ='Formulas_Consumption Summary'!E26 -> 0
B27: ='Formulas_Consumption Summary'!B27 -> Total | D27: ='Formulas_Consumption Summary'!D27 -> 1785.0918 | E27: ='Formulas_Consumption Summary'!E27 -> 26688.277
B28: Carbon Emission 3 | D28: =D17*2.72 -> 4855.4496 | E28: =E17*2.72 -> 72592.113
B29: Net Carbon Emission | D29: =D7+D16+D28 -> 59210.395 | E29: =E7+E16+E28 -> 995913.06

Sheet Formulas_Progressive Report
B4: Sr. No. | C4: Locations | D4: =meta_sheet!A3 -> 46235 | E4: =D4+1 -> 46236 | F4: =E4+1 -> 46237 | G4: =F4+1 -> 46238 | H4: =G4+1 -> 46239 | I4: =H4+1 -> 46240 | J4: =I4+1 -> 46241 | K4: =J4+1 -> 46242 | L4: =K4+1 -> 46243 | ... AH4: =AG4+1 -> 46265 | AK4: =Formulas_Past!AN4 -> Red | AL4: =Formulas_Past!AO4 -> Yell
B5: 1 | C5: 66 KV CR Panel | D5: ='DAta 123'!E5 -> 67760.811 | E5: ='DAta 123'!F5 -> 69006.198 | F5: ='DAta 123'!G5 -> 69183.967 | G5: ='DAta 123'!H5 -> 69125.461 | H5: ='DAta 123'!I5 -> 67790.106 | I5: ='DAta 123'!J5 -> 62611.515 | J5: ='DAta 123'!K5 -> 67102.037 | K5: ='DAta 123'!L5 -> 67291.225 | ... AH5: ='DAta 123'!AI5 -> 0 | AK5: =Formulas_Past!AN5 -> 74727.798 | AL5: =Formulas_Past!AO5 -> 61140.926
B6: =B5+1 -> 2 | C6: 11KV Incomer Breaker | D6: ='DAta 123'!E6 -> 67629.59 | E6: ='DAta 123'!F6 -> 68891.633 | F6: ='DAta 123'!G6 -> 69101.568 | G6: ='DAta 123'!H6 -> 69043.571 | H6: ='DAta 123'!I6 -> 67724.6 | I6: ='DAta 123'!J6 -> 62496.768 | J6: ='DAta 123'!K6 -> 66938.88 | K6: ='DAta 123'!L6 -> 67012.519 | ... AH6: ='DAta 123'!AI6 -> 0 | AK6: =Formulas_Past!AN6 -> 74535.965 | AL6: =Formulas_Past!AO6 -> 60983.971
B7: =B6+1 -> 3 | C7: 11KV ATS O-G Breaker | D7: ='DAta 123'!E7 -> 43807.403 | E7: ='DAta 123'!F7 -> 44806.827 | F7: ='DAta 123'!G7 -> 45115.897 | G7: ='DAta 123'!H7 -> 44830.898 | H7: ='DAta 123'!I7 -> 43341.824 | I7: ='DAta 123'!J7 -> 40592.384 | J7: ='DAta 123'!K7 -> 44196.864 | K7: ='DAta 123'!L7 -> 44222.464 | ... AH7: ='DAta 123'!AI7 -> 0 | AK7: =Formulas_Past!AN7 -> 48884.85 | AL7: =Formulas_Past!AO7 -> 39996.695
B8: =B7+1 -> 4 | C8: 11KV Module & Cell O-G Breaker | D8: ='DAta 123'!E8 -> 24271.146 | E8: ='DAta 123'!F8 -> 24525.141 | F8: ='DAta 123'!G8 -> 24434.005 | G8: ='DAta 123'!H8 -> 24642.219 | H8: ='DAta 123'!I8 -> 24818.05 | I8: ='DAta 123'!J8 -> 22311.09 | J8: ='DAta 123'!K8 -> 23171.873 | K8: ='DAta 123'!L8 -> 23233.536 | ... AH8: ='DAta 123'!AI8 -> 0 | AK8: =Formulas_Past!AN8 -> 26133.62 | AL8: =Formulas_Past!AO8 -> 21382.053
B9: =B8+1 -> 5 | C9: Transformer - 1. OG Breaker | D9: ='DAta 123'!E9 -> 5374.7851 | E9: ='DAta 123'!F9 -> 8070.5085 | F9: ='DAta 123'!G9 -> 8279.6127 | G9: ='DAta 123'!H9 -> 7685.4845 | H9: ='DAta 123'!I9 -> 8337.9287 | I9: ='DAta 123'!J9 -> 8758.7753 | J9: ='DAta 123'!K9 -> 9327.4598 | K9: ='DAta 123'!L9 -> 8875.9973 | ... AH9: ='DAta 123'!AI9 -> 0 | AK9: =Formulas_Past!AN9 -> 6457.8416 | AL9: =Formulas_Past!AO9 -> 5283.6886
B10: =B9+1 -> 6 | C10: Transformer - 2. OG Breaker | D10: ='DAta 123'!E10 -> 10382.215 | E10: ='DAta 123'!F10 -> 7540.1112 | F10: ='DAta 123'!G10 -> 7628.2099 | G10: ='DAta 123'!H10 -> 7683.8236 | H10: ='DAta 123'!I10 -> 7842.0644 | I10: ='DAta 123'!J10 -> 7114.8561 | J10: ='DAta 123'!K10 -> 7340.579 | K10: ='DAta 123'!L10 -> 7899.075 | ... AH10: ='DAta 123'!AI10 -> 0 | AK10: =Formulas_Past!AN10 -> 10866.439 | AL10: =Formulas_Past!AO10 -> 8890.7231
B11: =B10+1 -> 7 | C11: Transformer - 3. OG Breaker | D11: ='DAta 123'!E11 -> 8874.3089 | E11: ='DAta 123'!F11 -> 9107.8254 | F11: ='DAta 123'!G11 -> 9026.5635 | G11: ='DAta 123'!H11 -> 9012.6371 | H11: ='DAta 123'!I11 -> 8469.1395 | I11: ='DAta 123'!J11 -> 8449.7009 | J11: ='DAta 123'!K11 -> 9058.8941 | K11: ='DAta 123'!L11 -> 8975.3774 | ... AH11: ='DAta 123'!AI11 -> 0 | AK11: =Formulas_Past!AN11 -> 9626.9399 | AL11: =Formulas_Past!AO11 -> 7876.5872
B12: =B11+1 -> 8 | C12: Transformer - 4. OG Breaker | D12: ='DAta 123'!E12 -> 8031.9552 | E12: ='DAta 123'!F12 -> 8014.9001 | F12: ='DAta 123'!G12 -> 7963.5959 | G12: ='DAta 123'!H12 -> 7824.7485 | H12: ='DAta 123'!I12 -> 7862.9315 | I12: ='DAta 123'!J12 -> 7967.5184 | J12: ='DAta 123'!K12 -> 8062.4206 | K12: ='DAta 123'!L12 -> 7993.3093 | ... AH12: ='DAta 123'!AI12 -> 0 | AK12: =Formulas_Past!AN12 -> 8666.1763 | AL12: =Formulas_Past!AO12 -> 7090.5079
B13: =B12+1 -> 9 | C13: Transformer - 5. OG Breaker | D13: ='DAta 123'!E13 -> 10985.541 | E13: ='DAta 123'!F13 -> 11920.991 | F13: ='DAta 123'!G13 -> 12090.214 | G13: ='DAta 123'!H13 -> 12437.779 | H13: ='DAta 123'!I13 -> 10653.522 | I13: ='DAta 123'!J13 -> 8140.4529 | J13: ='DAta 123'!K13 -> 10250.83 | K13: ='DAta 123'!L13 -> 10306.564 | ... AH13: ='DAta 123'!AI13 -> 0 | AK13: =Formulas_Past!AN13 -> 13448.27 | AL13: =Formulas_Past!AO13 -> 11003.13
B14: =B13+1 -> 10 | C14: 11KV DG Cummins-4 | D14: ='DAta 123'!E14 -> 0 | E14: ='DAta 123'!F14 -> 0 | F14: ='DAta 123'!G14 -> 0 | G14: ='DAta 123'!H14 -> 0 | H14: ='DAta 123'!I14 -> 0 | I14: ='DAta 123'!J14 -> 0 | J14: ='DAta 123'!K14 -> 0 | K14: ='DAta 123'!L14 -> 0 | ... AH14: ='DAta 123'!AI14 -> 0 | AK14: =Formulas_Past!AN14 -> 1710.016 | AL14: =Formulas_Past!AO14 -> 1399.104
B15: =B14+1 -> 11 | C15: 11KV DG, MTU-5 | D15: ='DAta 123'!E15 -> 0 | E15: ='DAta 123'!F15 -> 0 | F15: ='DAta 123'!G15 -> 0 | G15: ='DAta 123'!H15 -> 0 | H15: ='DAta 123'!I15 -> 0 | I15: ='DAta 123'!J15 -> 0.064 | J15: ='DAta 123'!K15 -> 0 | K15: ='DAta 123'!L15 -> 0 | ... AH15: ='DAta 123'!AI15 -> 0 | AK15: =Formulas_Past!AN15 -> 292.28672 | AL15: =Formulas_Past!AO15 -> 239.14368
B16: =B15+1 -> 12 | C16: 11KV DG, Cummins-6 | D16: ='DAta 123'!E16 -> 0 | E16: ='DAta 123'!F16 -> 0 | F16: ='DAta 123'!G16 -> 0.192 | G16: ='DAta 123'!H16 -> 0 | H16: ='DAta 123'!I16 -> 0 | I16: ='DAta 123'!J16 -> 0.192 | J16: ='DAta 123'!K16 -> 0 | K16: ='DAta 123'!L16 -> 0 | ... AH16: ='DAta 123'!AI16 -> 0 | AK16: =Formulas_Past!AN16 -> 485.4976 | AL16: =Formulas_Past!AO16 -> 397.22531
B17: =B16+1 -> 13 | C17: TOTAL HT DG | D17: =SUM(D14:D16) -> 0 | E17: =SUM(E14:E16) -> 0 | F17: =SUM(F14:F16) -> 0.192 | G17: =SUM(G14:G16) -> 0 | H17: =SUM(H14:H16) -> 0 | I17: =SUM(I14:I16) -> 0.256 | J17: =SUM(J14:J16) -> 0 | K17: =SUM(K14:K16) -> 0 | ... AH17: =SUM(AH14:AH16) -> 0 | AK17: =Formulas_Past!AN17 -> 2487.8003 | AL17: =Formulas_Past!AO17 -> 2035.473
B18: =B17+1 -> 14 | C18: Chiller - 4 | D18: ='DAta 123'!E17 -> 574.93148 | E18: ='DAta 123'!F17 -> 852.0239 | F18: ='DAta 123'!G17 -> 799.4351 | G18: ='DAta 123'!H17 -> 788.26553 | H18: ='DAta 123'!I17 -> 456.192 | I18: ='DAta 123'!J17 -> 45.056 | J18: ='DAta 123'!K17 -> 491.008 | K18: ='DAta 123'!L17 -> 423.936 | ... AH18: ='DAta 123'!AI17 -> 0 | AK18: =Formulas_Past!AN18 -> 831.19223 | AL18: =Formulas_Past!AO18 -> 680.06637
B19: =B18+1 -> 15 | C19: CDA - 2 | D19: ='DAta 123'!E18 -> 0 | E19: ='DAta 123'!F18 -> 0 | F19: ='DAta 123'!G18 -> 0.512 | G19: ='DAta 123'!H18 -> 0 | H19: ='DAta 123'!I18 -> 1196.6776 | I19: ='DAta 123'!J18 -> 2039.2193 | J19: ='DAta 123'!K18 -> 2118.7375 | K19: ='DAta 123'!L18 -> 1755.4762 | ... AH19: ='DAta 123'!AI18 -> 0 | AK19: =Formulas_Past!AN19 -> 880.08448 | AL19: =Formulas_Past!AO19 -> 720.06912
B20: =B19+1 -> 16 | C20: CDA - 1 | D20: ='DAta 123'!E19 -> 2290.1872 | E20: ='DAta 123'!F19 -> 2293.1311 | F20: ='DAta 123'!G19 -> 2294.9824 | G20: ='DAta 123'!H19 -> 2297.7578 | H20: ='DAta 123'!I19 -> 2314.663 | I20: ='DAta 123'!J19 -> 2329.5165 | J20: ='DAta 123'!K19 -> 2324.4815 | K20: ='DAta 123'!L19 -> 2321.5512 | ... AH20: ='DAta 123'!AI19 -> 0 | AK20: =Formulas_Past!AN20 -> 2365.3486 | AL20: =Formulas_Past!AO20 -> 1935.2852
B21: =B20+1 -> 17 | C21: PMCC HVAC High Side | D21: ='DAta 123'!E20 -> 0.26574059 | E21: ='DAta 123'!F20 -> 0.2656129 | F21: ='DAta 123'!G20 -> 0.26573744 | G21: ='DAta 123'!H20 -> 0.27139832 | H21: ='DAta 123'!I20 -> 0.27157994 | I21: ='DAta 123'!J20 -> 0.27898592 | J21: ='DAta 123'!K20 -> 0.2723629 | K21: ='DAta 123'!L20 -> 0.27175269 | ... AH21: ='DAta 123'!AI20 -> 0 | AK21: =Formulas_Past!AN21 -> 0.29959568 | AL21: =Formulas_Past!AO21 -> 0.24512374
B22: =B21+1 -> 18 | C22: UPW Panel | D22: ='DAta 123'!E21 -> 0 | E22: ='DAta 123'!F21 -> 0 | F22: ='DAta 123'!G21 -> 0 | G22: ='DAta 123'!H21 -> 0 | H22: ='DAta 123'!I21 -> 0 | I22: ='DAta 123'!J21 -> 0 | J22: ='DAta 123'!K21 -> 0 | K22: ='DAta 123'!L21 -> 0 | ... AH22: ='DAta 123'!AI21 -> 0 | AK22: =Formulas_Past!AN22 -> 0 | AL22: =Formulas_Past!AO22 -> 0
B23: =B22+1 -> 19 | C23: Chiller - 3 | D23: ='DAta 123'!E22 -> 0 | E23: ='DAta 123'!F22 -> 0 | F23: ='DAta 123'!G22 -> 0 | G23: ='DAta 123'!H22 -> 0 | H23: ='DAta 123'!I22 -> 0 | I23: ='DAta 123'!J22 -> 0 | J23: ='DAta 123'!K22 -> 0 | K23: ='DAta 123'!L22 -> 0 | ... AH23: ='DAta 123'!AI22 -> 0 | AK23: =Formulas_Past!AN23 -> 0 | AL23: =Formulas_Past!AO23 -> 0
B24: =B23+1 -> 20 | C24: Chiller - 2 | D24: ='DAta 123'!E23 -> 780.97809 | E24: ='DAta 123'!F23 -> 3244.288 | F24: ='DAta 123'!G23 -> 3199.8012 | G24: ='DAta 123'!H23 -> 2845.6055 | H24: ='DAta 123'!I23 -> 2838.784 | I24: ='DAta 123'!J23 -> 2827.1022 | J24: ='DAta 123'!K23 -> 2684.4261 | K24: ='DAta 123'!L23 -> 2913.0754 | ... AH24: ='DAta 123'!AI23 -> 0 | AK24: =Formulas_Past!AN24 -> 2130.6187 | AL24: =Formulas_Past!AO24 -> 1743.2335
B25: =B24+1 -> 21 | C25: Chiller - 1 | D25: ='DAta 123'!E24 -> 2825.8245 | E25: ='DAta 123'!F24 -> 0 | F25: ='DAta 123'!G24 -> 0 | G25: ='DAta 123'!H24 -> 0 | H25: ='DAta 123'!I24 -> 0 | I25: ='DAta 123'!J24 -> 0 | J25: ='DAta 123'!K24 -> 0 | K25: ='DAta 123'!L24 -> 0 | ... AH25: ='DAta 123'!AI24 -> 0 | AK25: =Formulas_Past!AN25 -> 3850.0935 | AL25: =Formulas_Past!AO25 -> 3150.0765
B26: =B25+1 -> 22 | C26: CDA - 3 | D26: ='DAta 123'!E25 -> 2230.1411 | E26: ='DAta 123'!F25 -> 2233.5582 | F26: ='DAta 123'!G25 -> 2237.0321 | G26: ='DAta 123'!H25 -> 2237.003 | H26: ='DAta 123'!I25 -> 2253.334 | I26: ='DAta 123'!J25 -> 2247.9472 | J26: ='DAta 123'!K25 -> 2262.8949 | K26: ='DAta 123'!L25 -> 2252.8495 | ... AH26: ='DAta 123'!AI25 -> 0 | AK26: =Formulas_Past!AN26 -> 2230.9357 | AL26: =Formulas_Past!AO26 -> 1825.311
B27: =B26+1 -> 23 | C27: Fire Pump | D27: ='DAta 123'!E26 -> 1.28125 | E27: ='DAta 123'!F26 -> 2.0039062 | F27: ='DAta 123'!G26 -> 1.2929688 | G27: ='DAta 123'!H26 -> 1.7460938 | H27: ='DAta 123'!I26 -> 1.4038086 | I27: ='DAta 123'!J26 -> 1.9149064 | J27: ='DAta 123'!K26 -> 1.5055037 | K27: ='DAta 123'!L26 -> 1.5458984 | ... AH27: ='DAta 123'!AI26 -> 0 | AK27: =Formulas_Past!AN27 -> 4.7832189 | AL27: =Formulas_Past!AO27 -> 3.9135427
B28: =B27+1 -> 24 | C28: 60KW Solar ( Above ATS) | D28: ='DAta 123'!E27 -> 241.59375 | E28: ='DAta 123'!F27 -> 259.5 | F28: ='DAta 123'!G27 -> 212.8125 | G28: ='DAta 123'!H27 -> 219.09375 | H28: ='DAta 123'!I27 -> 253.71875 | I28: ='DAta 123'!J27 -> 259.46875 | J28: ='DAta 123'!K27 -> 170.8125 | K28: ='DAta 123'!L27 -> 283.375 | ... AH28: ='DAta 123'!AI27 -> 0 | AK28: =Formulas_Past!AN28 -> 394.8878 | AL28: =Formulas_Past!AO28 -> 323.09002
B29: =B28+1 -> 25 | C29: CDA - 4 | D29: ='DAta 123'!E28 -> 2226.2816 | E29: ='DAta 123'!F28 -> 2383.8764 | F29: ='DAta 123'!G28 -> 2334.4724 | G29: ='DAta 123'!H28 -> 2295.6125 | H29: ='DAta 123'!I28 -> 2300.7892 | I29: ='DAta 123'!J28 -> 1756.9383 | J29: ='DAta 123'!K28 -> 1704.25 | K29: ='DAta 123'!L28 -> 2409.4752 | ... AH29: ='DAta 123'!AI28 -> 0 | AK29: =Formulas_Past!AN29 -> 2408.8216 | AL29: =Formulas_Past!AO29 -> 1970.8541
... B58: =B57+1 -> 54 | C58: Module UPS3 | D58: ='DAta 123'!E57 -> 71.0625 | E58: ='DAta 123'!F57 -> 77.625 | F58: ='DAta 123'!G57 -> 51.15625 | G58: ='DAta 123'!H57 -> 62.765625 | H58: ='DAta 123'!I57 -> 20.609375 | I58: ='DAta 123'!J57 -> 44.609375 | J58: ='DAta 123'!K57 -> 23.265625 | K58: ='DAta 123'!L57 -> 18.84375 | ... AH58: ='DAta 123'!AI57 -> 0 | AK58: =Formulas_Past!AN58 -> 82.846522 | AL58: =Formulas_Past!AO58 -> 67.783518
B59: =B58+1 -> 55 | C59: 20KW Solar (Above Canteen ) | D59: ='DAta 123'!E57 -> 71.0625 | E59: ='DAta 123'!F57 -> 77.625 | F59: ='DAta 123'!G57 -> 51.15625 | G59: ='DAta 123'!H57 -> 62.765625 | H59: ='DAta 123'!I57 -> 20.609375 | I59: ='DAta 123'!J57 -> 44.609375 | J59: ='DAta 123'!K57 -> 23.265625 | K59: ='DAta 123'!L57 -> 18.84375 | ... AH59: ='DAta 123'!AI57 -> 0 | AK59: =Formulas_Past!AN59 -> 82.846522 | AL59: =Formulas_Past!AO59 -> 67.783518
B60: =B59+1 -> 56 | C60: MV-2 SMSB | D60: ='DAta 123'!E58 -> 0 | E60: ='DAta 123'!F58 -> 0 | F60: ='DAta 123'!G58 -> 0 | G60: ='DAta 123'!H58 -> 0 | H60: ='DAta 123'!I58 -> 0 | I60: ='DAta 123'!J58 -> 0 | J60: ='DAta 123'!K58 -> 0 | K60: ='DAta 123'!L58 -> 0 | ... AH60: ='DAta 123'!AI58 -> 0 | AK60: =Formulas_Past!AN60 -> 0 | AL60: =Formulas_Past!AO60 -> 0
B61: =B60+1 -> 57 | C61: Unit 1 DG 1 - 365KVA | D61: ='DAta 123'!E59 -> 0 | E61: ='DAta 123'!F59 -> 207.57812 | F61: ='DAta 123'!G59 -> 0 | G61: ='DAta 123'!H59 -> 0 | H61: ='DAta 123'!I59 -> 36 | I61: ='DAta 123'!J59 -> 0 | J61: ='DAta 123'!K59 -> 0 | K61: ='DAta 123'!L59 -> 81.828125 | ... AH61: ='DAta 123'!AI59 -> 0 | AK61: =Formulas_Past!AN61 -> 66.642383 | AL61: =Formulas_Past!AO61 -> 54.525586
B62: =B61+1 -> 58 | C62: Unit 1 DG 2 - 380KVA | D62: ='DAta 123'!E60 -> 0 | E62: ='DAta 123'!F60 -> 0 | F62: ='DAta 123'!G60 -> 0 | G62: ='DAta 123'!H60 -> 0 | H62: ='DAta 123'!I60 -> 0 | I62: ='DAta 123'!J60 -> 0 | J62: ='DAta 123'!K60 -> 0 | K62: ='DAta 123'!L60 -> 0 | ... AH62: ='DAta 123'!AI60 -> 0 | AK62: =Formulas_Past!AN62 -> 0 | AL62: =Formulas_Past!AO62 -> 0
B63: =B62+1 -> 59 | C63: JINCHEN LAMINATOR 2 | D63: ='DAta 123'!E61 -> 882.49425 | E63: ='DAta 123'!F61 -> 901.6552 | F63: ='DAta 123'!G61 -> 878.7804 | G63: ='DAta 123'!H61 -> 881.5108 | H63: ='DAta 123'!I61 -> 911.0168 | I63: ='DAta 123'!J61 -> 891.9408 | J63: ='DAta 123'!K61 -> 905.3736 | K63: ='DAta 123'!L61 -> 883.88051 | ... AH63: ='DAta 123'!AI61 -> 0 | AK63: =Formulas_Past!AN63 -> 957.49246 | AL63: =Formulas_Past!AO63 -> 783.40293
B64: =B63+1 -> 60 | C64: Unit 1 EB Incomer | D64: ='DAta 123'!E62 -> 1522.6203 | E64: ='DAta 123'!F62 -> 868.43755 | F64: ='DAta 123'!G62 -> 1891.6047 | G64: ='DAta 123'!H62 -> 1908.8125 | H64: ='DAta 123'!I62 -> 1813.5 | I64: ='DAta 123'!J62 -> 1902.2792 | J64: ='DAta 123'!K62 -> 1833.4083 | K64: ='DAta 123'!L62 -> 1103.475 | ... AH64: ='DAta 123'!AI62 -> 0 | AK64: =Formulas_Past!AN64 -> 2004.1726 | AL64: =Formulas_Past!AO64 -> 1639.7776
B65: =B64+1 -> 61 | C65: Unit 5 EB Incomer | D65: ='DAta 123'!E63 -> 423.51562 | E65: ='DAta 123'!F63 -> 99.00625 | F65: ='DAta 123'!G63 -> 399.05312 | G65: ='DAta 123'!H63 -> 414.3625 | H65: ='DAta 123'!I63 -> 386.76715 | I65: ='DAta 123'!J63 -> 386.93927 | J65: ='DAta 123'!K63 -> 396.7139 | K65: ='DAta 123'!L63 -> 382.97031 | ... AH65: ='DAta 123'!AI63 -> 0 | AK65: =Formulas_Past!AN65 -> 381.82735 | AL65: =Formulas_Past!AO65 -> 312.4042
B66: =B65+1 -> 62 | C66: Unit 5 DG Incomer | D66: ='DAta 123'!E64 -> 0 | E66: ='DAta 123'!F64 -> 0.3515625 | F66: ='DAta 123'!G64 -> 0 | G66: ='DAta 123'!H64 -> 0 | H66: ='DAta 123'!I64 -> 0 | I66: ='DAta 123'!J64 -> 0 | J66: ='DAta 123'!K64 -> 0 | K66: ='DAta 123'!L64 -> 1.7695312 | ... AH66: ='DAta 123'!AI64 -> 0 | AK66: =Formulas_Past!AN66 -> 8.9061328 | AL66: =Formulas_Past!AO66 -> 7.2868359
B67: =B66+1 -> 63 | C67: 90KW Solar (Above LT Room) | D67: ='DAta 123'!E65 -> 0 | E67: ='DAta 123'!F65 -> 0 | F67: ='DAta 123'!G65 -> 0 | G67: ='DAta 123'!H65 -> 0 | H67: ='DAta 123'!I65 -> 0 | I67: ='DAta 123'!J65 -> 0 | J67: ='DAta 123'!K65 -> 0 | K67: ='DAta 123'!L65 -> 0 | ... AH67: ='DAta 123'!AI65 -> 0 | AK67: =Formulas_Past!AN67 -> 0 | AL67: =Formulas_Past!AO67 -> 0
B68: =B67+1 -> 64 | C68: 120Kw Solar kit( chiller area 3to6) | D68: ='DAta 123'!E66 -> 535.708 | E68: ='DAta 123'!F66 -> 590.5125 | F68: ='DAta 123'!G66 -> 450.715 | G68: ='DAta 123'!H66 -> 482.597 | H68: ='DAta 123'!I66 -> 587.595 | I68: ='DAta 123'!J66 -> 548.901 | J68: ='DAta 123'!K66 -> 371.741 | K68: ='DAta 123'!L66 -> 609.605 | ... AH68: ='DAta 123'!AI66 -> 0 | AK68: =Formulas_Past!AN68 -> 650.56692 | AL68: =Formulas_Past!AO68 -> 532.28203
B69: =B68+1 -> 65 | C69: 40 kW Solar (PECVD Pump Room) | D69: ='DAta 123'!E67 -> 28.948 | E69: ='DAta 123'!F67 -> 32.01175 | F69: ='DAta 123'!G67 -> 23.1525 | G69: ='DAta 123'!H67 -> 26.54625 | H69: ='DAta 123'!I67 -> 30.6075 | I69: ='DAta 123'!J67 -> 28.97 | J69: ='DAta 123'!K67 -> 18.8025 | K69: ='DAta 123'!L67 -> 33.00725 | ... AH69: ='DAta 123'!AI67 -> 0 | AK69: =Formulas_Past!AN69 -> 34.182008 | AL69: =Formulas_Past!AO69 -> 27.967097
B70: =B69+1 -> 66 | C70: 220Kw Solar(terrace) | D70: ='DAta 123'!E68 -> 241.59375 | E70: ='DAta 123'!F68 -> 259.5 | F70: ='DAta 123'!G68 -> 212.8125 | G70: ='DAta 123'!H68 -> 219.09375 | H70: ='DAta 123'!I68 -> 253.71875 | I70: ='DAta 123'!J68 -> 259.46875 | J70: ='DAta 123'!K68 -> 170.8125 | K70: ='DAta 123'!L68 -> 283.375 | ... AH70: ='DAta 123'!AI68 -> 0 | AK70: =Formulas_Past!AN70 -> 394.8878 | AL70: =Formulas_Past!AO70 -> 323.09002
... B79: =B78+1 -> 75 | C79: Outgoing To CELL Line SMSB-3 | D79: ='DAta 123'!E77 -> 2.9686559 | E79: ='DAta 123'!F77 -> 3.1995096 | F79: ='DAta 123'!G77 -> 3.3557174 | G79: ='DAta 123'!H77 -> 3.4493752 | H79: ='DAta 123'!I77 -> 3.1914292 | I79: ='DAta 123'!J77 -> 2.3981192 | J79: ='DAta 123'!K77 -> 3.2728373 | K79: ='DAta 123'!L77 -> 3.2759402 | ... AH79: ='DAta 123'!AI77 -> 0 | AK79: =Formulas_Past!AN79 -> 3.5910737 | AL79: =Formulas_Past!AO79 -> 2.9381512
C82: Avg. value ↓ vs last month
C83: Avg. value ↑ vs last month

Sheet Formulas_Past
B4: Sr. No. | C4: Locations | D4: =meta_sheet!A3 -> 46235 | E4: =D4+1 -> 46236 | F4: =E4+1 -> 46237 | G4: =F4+1 -> 46238 | H4: =G4+1 -> 46239 | I4: =H4+1 -> 46240 | J4: =I4+1 -> 46241 | K4: =J4+1 -> 46242 | L4: =K4+1 -> 46243 | ... AH4: =AG4+1 -> 46265 | AN4: ='123'!AO3 -> Red | AO4: ='123'!AP3 -> Yell
B5: 1 | C5: 66 KV CR Panel | D5: ='123'!E5 -> 64830.123 | E5: ='123'!F5 -> 58338.438 | F5: ='123'!G5 -> 65078.673 | G5: ='123'!H5 -> 64109.167 | H5: ='123'!I5 -> 64462.492 | I5: ='123'!J5 -> 65823.284 | J5: ='123'!K5 -> 67430.4 | K5: ='123'!L5 -> 69296.128 | ... AH5: ='123'!AI5 -> 68530.71 | AN5: ='123'!AO5 -> 74727.798 | AO5: ='123'!AP5 -> 61140.926
B6: =B5+1 -> 2 | C6: 11KV Incomer Breaker | D6: ='123'!E6 -> 64634.019 | E6: ='123'!F6 -> 58108.765 | F6: ='123'!G6 -> 64890.197 | G6: ='123'!H6 -> 63937.195 | H6: ='123'!I6 -> 64266.181 | I6: ='123'!J6 -> 65626.171 | J6: ='123'!K6 -> 67250.918 | K6: ='123'!L6 -> 69124.037 | ... AH6: ='123'!AI6 -> 68399.638 | AN6: ='123'!AO6 -> 74535.965 | AO6: ='123'!AP6 -> 60983.971
B7: =B6+1 -> 3 | C7: 11KV ATS O-G Breaker | D7: ='123'!E7 -> 43088.851 | E7: ='123'!F7 -> 39706.624 | F7: ='123'!G7 -> 43421.696 | G7: ='123'!H7 -> 42252.971 | H7: ='123'!I7 -> 42868.736 | I7: ='123'!J7 -> 43521.365 | J7: ='123'!K7 -> 44152.031 | K7: ='123'!L7 -> 45309.596 | ... AH7: ='123'!AI7 -> 44610.219 | AN7: ='123'!AO7 -> 48884.85 | AO7: ='123'!AP7 -> 39996.695
B8: =B7+1 -> 4 | C8: 11KV Module & Cell O-G Breaker | D8: ='123'!E8 -> 21960.021 | E8: ='123'!F8 -> 18783.915 | F8: ='123'!G8 -> 21889.365 | G8: ='123'!H8 -> 22093.141 | H8: ='123'!I8 -> 21827.584 | I8: ='123'!J8 -> 22540.614 | J8: ='123'!K8 -> 23552.356 | K8: ='123'!L8 -> 24265.387 | ... AH8: ='123'!AI8 -> 24234.028 | AN8: ='123'!AO8 -> 26133.62 | AO8: ='123'!AP8 -> 21382.053
B9: =B8+1 -> 5 | C9: Transformer - 1. OG Breaker | D9: ='123'!E9 -> 6235.5394 | E9: ='123'!F9 -> 4450.2537 | F9: ='123'!G9 -> 4632.7998 | G9: ='123'!H9 -> 5060.7816 | H9: ='123'!I9 -> 7358.4293 | I9: ='123'!J9 -> 7023.9805 | J9: ='123'!K9 -> 7515.2575 | K9: ='123'!L9 -> 6804.7056 | ... AH9: ='123'!AI9 -> 4816.5836 | AN9: ='123'!AO9 -> 6457.8416 | AO9: ='123'!AP9 -> 5283.6886
B10: =B9+1 -> 6 | C10: Transformer - 2. OG Breaker | D10: ='123'!E10 -> 11641.654 | E10: ='123'!F10 -> 10739.619 | F10: ='123'!G10 -> 9675.7586 | G10: ='123'!H10 -> 8006.4651 | H10: ='123'!I10 -> 5206.7797 | I10: ='123'!J10 -> 5384.435 | J10: ='123'!K10 -> 5668.3086 | K10: ='123'!L10 -> 8750.6875 | ... AH10: ='123'!AI10 -> 12073.411 | AN10: ='123'!AO10 -> 10866.439 | AO10: ='123'!AP10 -> 8890.7231
B11: =B10+1 -> 7 | C11: Transformer - 3. OG Breaker | D11: ='123'!E11 -> 8244.4843 | E11: ='123'!F11 -> 7806.9832 | F11: ='123'!G11 -> 8497.152 | G11: ='123'!H11 -> 8509.6411 | H11: ='123'!I11 -> 8567.027 | I11: ='123'!J11 -> 8925.67 | J11: ='123'!K11 -> 8985.3744 | K11: ='123'!L11 -> 8861.8696 | ... AH11: ='123'!AI11 -> 8589.5897 | AN11: ='123'!AO11 -> 9626.9399 | AO11: ='123'!AP11 -> 7876.5872
B12: =B11+1 -> 8 | C12: Transformer - 4. OG Breaker | D12: ='123'!E12 -> 8172.9779 | E12: ='123'!F12 -> 7874.7336 | F12: ='123'!G12 -> 7737.5523 | G12: ='123'!H12 -> 7776.499 | H12: ='123'!I12 -> 7644.8716 | I12: ='123'!J12 -> 7853.3511 | J12: ='123'!K12 -> 7927.8643 | K12: ='123'!L12 -> 7809.662 | ... AH12: ='123'!AI12 -> 8013.5347 | AN12: ='123'!AO12 -> 8666.1763 | AO12: ='123'!AP12 -> 7090.5079
B13: =B12+1 -> 9 | C13: Transformer - 5. OG Breaker | D13: ='123'!E13 -> 8648.3754 | E13: ='123'!F13 -> 8723.3621 | F13: ='123'!G13 -> 12726.578 | G13: ='123'!H13 -> 12815.407 | H13: ='123'!I13 -> 14020.49 | I13: ='123'!J13 -> 14118.648 | J13: ='123'!K13 -> 13924.838 | K13: ='123'!L13 -> 12944.748 | ... AH13: ='123'!AI13 -> 10948.608 | AN13: ='123'!AO13 -> 13448.27 | AO13: ='123'!AP13 -> 11003.13
B14: =B13+1 -> 10 | C14: 11KV DG Cummins-4 | D14: ='123'!E14 -> 0 | E14: ='123'!F14 -> 0 | F14: ='123'!G14 -> 0 | G14: ='123'!H14 -> 0 | H14: ='123'!I14 -> 0 | I14: ='123'!J14 -> 0 | J14: ='123'!K14 -> 0 | K14: ='123'!L14 -> 0 | ... AH14: ='123'!AI14 -> 0 | AN14: ='123'!AO14 -> 1710.016 | AO14: ='123'!AP14 -> 1399.104
B15: =B14+1 -> 11 | C15: 11KV DG, MTU-5 | D15: ='123'!E15 -> 0 | E15: ='123'!F15 -> 0 | F15: ='123'!G15 -> 0 | G15: ='123'!H15 -> 0 | H15: ='123'!I15 -> 0 | I15: ='123'!J15 -> 0.064 | J15: ='123'!K15 -> 0 | K15: ='123'!L15 -> 0 | ... AH15: ='123'!AI15 -> 0 | AN15: ='123'!AO15 -> 292.28672 | AO15: ='123'!AP15 -> 239.14368
B16: =B15+1 -> 12 | C16: 11KV DG, Cummins-6 | D16: ='123'!E16 -> 0 | E16: ='123'!F16 -> 0.192 | F16: ='123'!G16 -> 0 | G16: ='123'!H16 -> 0 | H16: ='123'!I16 -> 0 | I16: ='123'!J16 -> 0.192 | J16: ='123'!K16 -> 0 | K16: ='123'!L16 -> 0 | ... AH16: ='123'!AI16 -> 0 | AN16: ='123'!AO16 -> 485.4976 | AO16: ='123'!AP16 -> 397.22531
B17: =B16+1 -> 13 | C17: TOTAL HT DG | D17: =SUM(D14:D16) -> 0 | E17: =SUM(E14:E16) -> 0.192 | F17: =SUM(F14:F16) -> 0 | G17: =SUM(G14:G16) -> 0 | H17: =SUM(H14:H16) -> 0 | I17: =SUM(I14:I16) -> 0.256 | J17: =SUM(J14:J16) -> 0 | K17: =SUM(K14:K16) -> 0 | ... AH17: =SUM(AH14:AH16) -> 0 | AN17: =SUM(AN14:AN16) -> 2487.8003 | AO17: =SUM(AO14:AO16) -> 2035.473
B18: =B17+1 -> 14 | C18: Chiller - 4 | D18: ='123'!E17 -> 453.11637 | E18: ='123'!F17 -> 160.768 | F18: ='123'!G17 -> 414.72 | G18: ='123'!H17 -> 373.76 | H18: ='123'!I17 -> 924.52709 | I18: ='123'!J17 -> 715.21969 | J18: ='123'!K17 -> 834.95402 | K18: ='123'!L17 -> 897.62059 | ... AH18: ='123'!AI17 -> 539.91784 | AN18: ='123'!AO17 -> 831.19223 | AO18: ='123'!AP17 -> 680.06637
B19: =B18+1 -> 15 | C19: CDA - 2 | D19: ='123'!E18 -> 1953.3938 | E19: ='123'!F18 -> 405.64622 | F19: ='123'!G18 -> 0 | G19: ='123'!H18 -> 0 | H19: ='123'!I18 -> 0 | I19: ='123'!J18 -> 0 | J19: ='123'!K18 -> 0 | K19: ='123'!L18 -> 0 | ... AH19: ='123'!AI18 -> 0 | AN19: ='123'!AO18 -> 880.08448 | AO19: ='123'!AP18 -> 720.06912
B20: =B19+1 -> 16 | C20: CDA - 1 | D20: ='123'!E19 -> 2307.4521 | E20: ='123'!F19 -> 2307.4616 | F20: ='123'!G19 -> 2305.191 | G20: ='123'!H19 -> 2302.5363 | H20: ='123'!I19 -> 2301.2702 | I20: ='123'!J19 -> 2297.8087 | J20: ='123'!K19 -> 2299.4699 | K20: ='123'!L19 -> 2299.8595 | ... AH20: ='123'!AI19 -> 2288.1306 | AN20: ='123'!AO19 -> 2365.3486 | AO20: ='123'!AP19 -> 1935.2852
B21: =B20+1 -> 17 | C21: PMCC HVAC High Side | D21: ='123'!E20 -> 0.26799457 | E21: ='123'!F20 -> 0.27086737 | F21: ='123'!G20 -> 0.26649132 | G21: ='123'!H20 -> 0.26237024 | H21: ='123'!I20 -> 0.26187161 | I21: ='123'!J20 -> 0.26786764 | J21: ='123'!K20 -> 0.26773834 | K21: ='123'!L20 -> 0.26719973 | ... AH21: ='123'!AI20 -> 0.26798787 | AN21: ='123'!AO20 -> 0.29959568 | AO21: ='123'!AP20 -> 0.24512374
B22: =B21+1 -> 18 | C22: UPW Panel | D22: ='123'!E21 -> 0 | E22: ='123'!F21 -> 0 | F22: ='123'!G21 -> 0 | G22: ='123'!H21 -> 0 | H22: ='123'!I21 -> 0 | I22: ='123'!J21 -> 0 | J22: ='123'!K21 -> 0 | K22: ='123'!L21 -> 0 | ... AH22: ='123'!AI21 -> 0 | AN22: ='123'!AO21 -> 0 | AO22: ='123'!AP21 -> 0
B23: =B22+1 -> 19 | C23: Chiller - 3 | D23: ='123'!E22 -> 0 | E23: ='123'!F22 -> 0 | F23: ='123'!G22 -> 0 | G23: ='123'!H22 -> 0 | H23: ='123'!I22 -> 0 | I23: ='123'!J22 -> 0 | J23: ='123'!K22 -> 0 | K23: ='123'!L22 -> 0 | ... AH23: ='123'!AI22 -> 0 | AN23: ='123'!AO22 -> 0 | AO23: ='123'!AP22 -> 0
B24: =B23+1 -> 20 | C24: Chiller - 2 | D24: ='123'!E23 -> 0 | E24: ='123'!F23 -> 0 | F24: ='123'!G23 -> 0 | G24: ='123'!H23 -> 430.14678 | H24: ='123'!I23 -> 2482.0736 | I24: ='123'!J23 -> 2559.902 | J24: ='123'!K23 -> 2836.2908 | K24: ='123'!L23 -> 1682.7548 | ... AH24: ='123'!AI23 -> 0 | AN24: ='123'!AO23 -> 2130.6187 | AO24: ='123'!AP23 -> 1743.2335
B25: =B24+1 -> 21 | C25: Chiller - 1 | D25: ='123'!E24 -> 3675.8409 | E25: ='123'!F24 -> 3742.3578 | F25: ='123'!G24 -> 4182.9534 | G25: ='123'!H24 -> 2861.5481 | H25: ='123'!I24 -> 0 | I25: ='123'!J24 -> 0 | J25: ='123'!K24 -> 0 | K25: ='123'!L24 -> 1150.8587 | ... AH25: ='123'!AI24 -> 4300.2692 | AN25: ='123'!AO24 -> 3850.0935 | AO25: ='123'!AP24 -> 3150.0765
B26: =B25+1 -> 22 | C26: CDA - 3 | D26: ='123'!E25 -> 2231.1198 | E26: ='123'!F25 -> 2233.789 | F26: ='123'!G25 -> 272.26101 | G26: ='123'!H25 -> 0 | H26: ='123'!I25 -> 0 | I26: ='123'!J25 -> 0 | J26: ='123'!K25 -> 0 | K26: ='123'!L25 -> 1871.6944 | ... AH26: ='123'!AI25 -> 2230.0124 | AN26: ='123'!AO25 -> 2230.9357 | AO26: ='123'!AP25 -> 1825.311
B27: =B26+1 -> 23 | C27: Fire Pump | D27: ='123'!E26 -> 6.0039062 | E27: ='123'!F26 -> 2.5180664 | F27: ='123'!G26 -> 3.2939453 | G27: ='123'!H26 -> 3.6362305 | H27: ='123'!I26 -> 3.7006836 | I27: ='123'!J26 -> 3.465332 | J27: ='123'!K26 -> 3.6157227 | K27: ='123'!L26 -> 3.6210938 | ... AH27: ='123'!AI26 -> 1.1958008 | AN27: ='123'!AO26 -> 4.7832189 | AO27: ='123'!AP26 -> 3.9135427
B28: =B27+1 -> 24 | C28: 60KW Solar ( Above ATS) | D28: ='123'!E27 -> 338.8125 | E28: ='123'!F27 -> 398.9375 | F28: ='123'!G27 -> 322.15625 | G28: ='123'!H27 -> 305.8125 | H28: ='123'!I27 -> 460.75 | I28: ='123'!J27 -> 442 | J28: ='123'!K27 -> 354.375 | K28: ='123'!L27 -> 348.5625 | ... AH28: ='123'!AI27 -> 214.78125 | AN28: ='123'!AO27 -> 394.8878 | AO28: ='123'!AP27 -> 323.09002
B29: =B28+1 -> 25 | C29: CDA - 4 | D29: ='123'!E28 -> 2445.6848 | E29: ='123'!F28 -> 1724.5683 | F29: ='123'!G28 -> 1967.9086 | G29: ='123'!H28 -> 1938.7622 | H29: ='123'!I28 -> 2160.5428 | I29: ='123'!J28 -> 2297.7649 | J29: ='123'!K28 -> 2343.2203 | K29: ='123'!L28 -> 2366.1469 | ... AH29: ='123'!AI28 -> 2258.337 | AN29: ='123'!AO28 -> 2408.8216 | AO29: ='123'!AP28 -> 1970.8541
... B58: =B57+1 -> 54 | C58: Module UPS3 | D58: ='123'!E57 -> 57.578125 | E58: ='123'!F57 -> 75.03125 | F58: ='123'!G57 -> 58 | G58: ='123'!H57 -> 38.78125 | H58: ='123'!I57 -> 89.171875 | I58: ='123'!J57 -> 87.328125 | J58: ='123'!K57 -> 67.21875 | K58: ='123'!L57 -> 59.25 | ... AH58: ='123'!AI57 -> 62.109375 | AN58: ='123'!AO57 -> 82.846522 | AO58: ='123'!AP57 -> 67.783518
B59: =B58+1 -> 55 | C59: 20KW Solar (Above Canteen ) | D59: ='123'!E57 -> 57.578125 | E59: ='123'!F57 -> 75.03125 | F59: ='123'!G57 -> 58 | G59: ='123'!H57 -> 38.78125 | H59: ='123'!I57 -> 89.171875 | I59: ='123'!J57 -> 87.328125 | J59: ='123'!K57 -> 67.21875 | K59: ='123'!L57 -> 59.25 | ... AH59: ='123'!AI57 -> 62.109375 | AN59: ='123'!AO57 -> 82.846522 | AO59: ='123'!AP57 -> 67.783518
B60: =B59+1 -> 56 | C60: MV-2 SMSB | D60: ='123'!E58 -> 0 | E60: ='123'!F58 -> 0 | F60: ='123'!G58 -> 0 | G60: ='123'!H58 -> 0 | H60: ='123'!I58 -> 0 | I60: ='123'!J58 -> 0 | J60: ='123'!K58 -> 0 | K60: ='123'!L58 -> 0 | ... AH60: ='123'!AI58 -> 0 | AN60: ='123'!AO58 -> 0 | AO60: ='123'!AP58 -> 0
B61: =B60+1 -> 57 | C61: Unit 1 DG 1 - 365KVA | D61: ='123'!E59 -> 0 | E61: ='123'!F59 -> 0 | F61: ='123'!G59 -> 0 | G61: ='123'!H59 -> 137.10938 | H61: ='123'!I59 -> 0 | I61: ='123'!J59 -> 11.421875 | J61: ='123'!K59 -> 0 | K61: ='123'!L59 -> 0 | ... AH61: ='123'!AI59 -> 0 | AN61: ='123'!AO59 -> 66.642383 | AO61: ='123'!AP59 -> 54.525586
B62: =B61+1 -> 58 | C62: Unit 1 DG 2 - 380KVA | D62: ='123'!E60 -> 0 | E62: ='123'!F60 -> 0 | F62: ='123'!G60 -> 0 | G62: ='123'!H60 -> 0 | H62: ='123'!I60 -> 0 | I62: ='123'!J60 -> 0 | J62: ='123'!K60 -> 0 | K62: ='123'!L60 -> 0 | ... AH62: ='123'!AI60 -> 0 | AN62: ='123'!AO60 -> 0 | AO62: ='123'!AP60 -> 0
B63: =B62+1 -> 59 | C63: JINCHEN LAMINATOR 2 | D63: ='123'!E61 -> 877.10362 | E63: ='123'!F61 -> 882.27657 | F63: ='123'!G61 -> 889.45621 | G63: ='123'!H61 -> 890.3112 | H63: ='123'!I61 -> 910.4564 | I63: ='123'!J61 -> 895.8776 | J63: ='123'!K61 -> 899.0896 | K63: ='123'!L61 -> 891.314 | ... AH63: ='123'!AI61 -> 881.13455 | AN63: ='123'!AO61 -> 957.49246 | AO63: ='123'!AP61 -> 783.40293
B64: =B63+1 -> 60 | C64: Unit 1 EB Incomer | D64: ='123'!E62 -> 1951.9607 | E64: ='123'!F62 -> 2086.2924 | F64: ='123'!G62 -> 2044.1511 | G64: ='123'!H62 -> 1206.9292 | H64: ='123'!I62 -> 963.97083 | I64: ='123'!J62 -> 2011.3527 | J64: ='123'!K62 -> 2012.0147 | K64: ='123'!L62 -> 2025.7002 | ... AH64: ='123'!AI62 -> 1936.7939 | AN64: ='123'!AO62 -> 2004.1726 | AO64: ='123'!AP62 -> 1639.7776
B65: =B64+1 -> 61 | C65: Unit 5 EB Incomer | D65: ='123'!E63 -> 388.47344 | E65: ='123'!F63 -> 357.5779 | F65: ='123'!G63 -> 402.87992 | G65: ='123'!H63 -> 356.37466 | H65: ='123'!I63 -> 75.54878 | I65: ='123'!J63 -> 369.05 | J65: ='123'!K63 -> 378.15937 | K65: ='123'!L63 -> 403.90313 | ... AH65: ='123'!AI63 -> 343.54535 | AN65: ='123'!AO63 -> 381.82735 | AO65: ='123'!AP63 -> 312.4042
B66: =B65+1 -> 62 | C66: Unit 5 DG Incomer | D66: ='123'!E64 -> 0 | E66: ='123'!F64 -> 0 | F66: ='123'!G64 -> 0 | G66: ='123'!H64 -> 47.970703 | H66: ='123'!I64 -> 0 | I66: ='123'!J64 -> 0 | J66: ='123'!K64 -> 0.73046875 | K66: ='123'!L64 -> 0 | ... AH66: ='123'!AI64 -> 0 | AN66: ='123'!AO64 -> 8.9061328 | AO66: ='123'!AP64 -> 7.2868359
B67: =B66+1 -> 63 | C67: 90KW Solar (Above LT Room) | D67: ='123'!E65 -> 0 | E67: ='123'!F65 -> 0 | F67: ='123'!G65 -> 0 | G67: ='123'!H65 -> 0 | H67: ='123'!I65 -> 0 | I67: ='123'!J65 -> 0 | J67: ='123'!K65 -> 0 | K67: ='123'!L65 -> 0 | ... AH67: ='123'!AI65 -> 0 | AN67: ='123'!AO65 -> 0 | AO67: ='123'!AP65 -> 0
B68: =B67+1 -> 64 | C68: 120Kw Solar kit( chiller area 3to6) | D68: ='123'!E66 -> 453.76 | E68: ='123'!F66 -> 588.224 | F68: ='123'!G66 -> 456.512 | G68: ='123'!H66 -> 406.592 | H68: ='123'!I66 -> 697.472 | I68: ='123'!J66 -> 658.304 | J68: ='123'!K66 -> 516.672 | K68: ='123'!L66 -> 463.808 | ... AH68: ='123'!AI66 -> 476.755 | AN68: ='123'!AO66 -> 650.56692 | AO68: ='123'!AP66 -> 532.28203
B69: =B68+1 -> 65 | C69: 40 kW Solar (PECVD Pump Room) | D69: ='123'!E67 -> 24.46625 | E69: ='123'!F67 -> 31.206125 | F69: ='123'!G67 -> 23.747 | G69: ='123'!H67 -> 22.218875 | H69: ='123'!I67 -> 40.350625 | I69: ='123'!J67 -> 35.047875 | J69: ='123'!K67 -> 29.132375 | K69: ='123'!L67 -> 24.984125 | ... AH69: ='123'!AI67 -> 25.51125 | AN69: ='123'!AO67 -> 34.182008 | AO69: ='123'!AP67 -> 27.967097
B70: =B69+1 -> 66 | C70: 220Kw Solar(terrace) | D70: ='123'!E68 -> 338.8125 | E70: ='123'!F68 -> 398.9375 | F70: ='123'!G68 -> 322.15625 | G70: ='123'!H68 -> 305.8125 | H70: ='123'!I68 -> 460.75 | I70: ='123'!J68 -> 442 | J70: ='123'!K68 -> 354.375 | K70: ='123'!L68 -> 348.5625 | ... AH70: ='123'!AI68 -> 214.78125 | AN70: ='123'!AO68 -> 394.8878 | AO70: ='123'!AP68 -> 323.09002
... B79: =B78+1 -> 75 | C79: Outgoing To CELL Line SMSB-3 | D79: ='123'!E77 -> 2.6925835 | E79: ='123'!F77 -> 2.2018839 | F79: ='123'!G77 -> 3.015538 | G79: ='123'!H77 -> 2.8155598 | H79: ='123'!I77 -> 3.4010217 | I79: ='123'!J77 -> 3.3005556 | J79: ='123'!K77 -> 3.2980694 | K79: ='123'!L77 -> 3.4226672 | ... AH79: ='123'!AI77 -> 3.0314595 | AN79: ='123'!AO77 -> 3.5910737 | AO79: ='123'!AP77 -> 2.9381512

Sheet DAta 123
A1: kWh
B4: Sr. No. | C4: Locations | E4: 46235 | F4: 46236 | G4: 46237 | H4: 46238 | I4: 46239 | J4: 46240 | K4: 46241 | L4: 46242 | M4: 46243 | N4: 46244 | O4: 46245 | P4: 46246 | Q4: 46247 | R4: 46248 | S4: 46249 | T4: 46250 | U4: 46251 | V4: 46252 | W4: 46253 | X4: 46254 | Y4: 46255 | Z4: 46256 | AA4: 46257 | AB4: 46258 | AC4: 46259 | AD4: 46260 | AE4: 46261 | AF4: 46262 | AG4: 46263 | AH4: 46264 | AI4: 46265
B5: 1 | C5: 66 KV CR Panel | D5: 12744 | E5: 67760.811 | F5: 69006.198 | G5: 69183.967 | H5: 69125.461 | I5: 67790.106 | J5: 62611.515 | K5: 67102.037 | L5: 67291.225 | M5: 67336.103 | N5: 67889.835 | O5: 69159.595 | P5: 69251.072 | Q5: 70086.424 | R5: 67319.067 | S5: 67432.679 | T5: 67845.521 | U5: 67929.429
B6: 2 | C6: 11KV Incomer Breaker | D6: 11857 | E6: 67629.59 | F6: 68891.633 | G6: 69101.568 | H6: 69043.571 | I6: 67724.6 | J6: 62496.768 | K6: 66938.88 | L6: 67012.519 | M6: 67085.06 | N6: 67616.352 | O6: 68913.953 | P6: 68988.542 | Q6: 69840.926 | R6: 67066.835 | S6: 67258.724 | T6: 67698.688 | U6: 67781.291
B7: 3 | C7: 11KV ATS O-G Breaker | D7: 11858 | E7: 43807.403 | F7: 44806.827 | G7: 45115.897 | H7: 44830.898 | I7: 43341.824 | J7: 40592.384 | K7: 44196.864 | L7: 44222.464 | M7: 44047.73 | N7: 44549.432 | O7: 44534.443 | P7: 44526.963 | Q7: 45006.136 | R7: 42680.32 | S7: 44161.024 | T7: 44285.952 | U7: 44418.201
B8: 4 | C8: 11KV Module & Cell O-G Breaker | D8: 11859 | E8: 24271.146 | F8: 24525.141 | G8: 24434.005 | H8: 24642.219 | I8: 24818.05 | J8: 22311.09 | K8: 23171.873 | L8: 23233.536 | M8: 23466.325 | N8: 23487.147 | O8: 24838.827 | P8: 24909.765 | Q8: 25270.183 | R8: 24841.706 | S8: 23512.109 | T8: 23855.059 | U8: 23806.635
B9: 5 | C9: Transformer - 1. OG Breaker | D9: 11860 | E9: 5374.7851 | F9: 8070.5085 | G9: 8279.6127 | H9: 7685.4845 | I9: 8337.9287 | J9: 8758.7753 | K9: 9327.4598 | L9: 8875.9973 | M9: 9554.8225 | N9: 9912.9448 | O9: 9176.6535 | P9: 10319.057 | Q9: 8748.9519 | R9: 7798.4369 | S9: 6996.9746 | T9: 7512.7235 | U9: 7684.0613
B10: 6 | C10: Transformer - 2. OG Breaker | D10: 11861 | E10: 10382.215 | F10: 7540.1112 | G10: 7628.2099 | H10: 7683.8236 | I10: 7842.0644 | J10: 7114.8561 | K10: 7340.579 | L10: 7899.075 | M10: 7886.0843 | N10: 8043.0861 | O10: 7725.8891 | P10: 7851.4766 | Q10: 7862.3067 | R10: 7450.2769 | S10: 7804.6677 | T10: 7916.301 | U10: 7886.526
B11: 7 | C11: Transformer - 3. OG Breaker | D11: 11862 | E11: 8874.3089 | F11: 9107.8254 | G11: 9026.5635 | H11: 9012.6371 | I11: 8469.1395 | J11: 8449.7009 | K11: 9058.8941 | L11: 8975.3774 | M11: 8954.0343 | N11: 8976.9346 | O11: 8952.6064 | P11: 8882.4884 | Q11: 8811.8007 | R11: 8374.807 | S11: 8961.7356 | T11: 8871.9013 | U11: 8815.7028
B12: 8 | C12: Transformer - 4. OG Breaker | D12: 11863 | E12: 8031.9552 | F12: 8014.9001 | G12: 7963.5959 | H12: 7824.7485 | I12: 7862.9315 | J12: 7967.5184 | K12: 8062.4206 | L12: 7993.3093 | M12: 7998.7243 | N12: 7769.0706 | O12: 7924.0938 | P12: 7581.4877 | Q12: 7859.9463 | R12: 7845.9227 | S12: 7899.5178 | T12: 7872.7203 | U12: 7838.3902
B13: 9 | C13: Transformer - 5. OG Breaker | D13: 11864 | E13: 10985.541 | F13: 11920.991 | G13: 12090.214 | H13: 12437.779 | I13: 10653.522 | J13: 8140.4529 | K13: 10250.83 | L13: 10306.564 | M13: 9499.5068 | N13: 9707.3105 | O13: 10557.648 | P13: 9745.8766 | Q13: 11591.506 | R13: 11045.454 | S13: 12320.907 | T13: 11969.415 | U13: 12021.934
B14: 10 | C14: 11KV DG Cummins-4 | D14: 11865 | E14: 0 | F14: 0 | G14: 0 | H14: 0 | I14: 0 | J14: 0 | K14: 0 | L14: 0 | M14: 0 | N14: 0 | O14: 0 | P14: 0 | Q14: 0 | R14: 0 | S14: 0 | T14: 0 | U14: 0
B15: 11 | C15: 11KV DG, MTU-5 | D15: 11866 | E15: 0 | F15: 0 | G15: 0 | H15: 0 | I15: 0 | J15: 0.064 | K15: 0 | L15: 0 | M15: 0 | N15: 0 | O15: 0 | P15: 0 | Q15: 0.064 | R15: 0 | S15: 0 | T15: 0 | U15: 0.064
B16: 12 | C16: 11KV DG, Cummins-6 | D16: 11867 | E16: 0 | F16: 0 | G16: 0.192 | H16: 0 | I16: 0 | J16: 0.192 | K16: 0 | L16: 0 | M16: 0 | N16: 0.192 | O16: 0 | P16: 0 | Q16: 0.128 | R16: 0 | S16: 0 | T16: 0 | U16: 0.192
... B78: 74 | C78: Outgoing To CDA 6,7,8 | D78: 35157 | E78: 2349.7204 | F78: 2325.6129 | G78: 2320.087 | H78: 2352.2141 | I78: 1409.6989 | J78: 498 | K78: 1036 | L78: 981 | M78: 200 | N78: 44 | O78: 1289 | P78: 50 | Q78: 1730.6774 | R78: 2310.3548 | S78: 3240.4516 | T78: 2473.777 | U78: 2370.9972

Sheet 123
A1: kWh
AO3: Red | AP3: Yell
B4: Sr. No. | C4: Locations | E4: 46204 | F4: 46205 | G4: 46206 | H4: 46207 | I4: 46208 | J4: 46209 | K4: 46210 | L4: 46211 | M4: 46212 | N4: 46213 | O4: 46214 | P4: 46215 | Q4: 46216 | R4: 46217 | S4: 46218 | T4: 46219 | U4: 46220 | V4: 46221 | W4: 46222 | X4: 46223 | Y4: 46224 | Z4: 46225 | AA4: 46226 | AB4: 46227 | AC4: 46228 | AD4: 46229 | AE4: 46230 | AF4: 46231 | AG4: 46232 | AH4: 46233 | AI4: 46234 | AM4: 0.1 | AO4: + | AP4: -
B5: 1 | C5: 66 KV CR Panel | D5: 12744 | E5: 64830.123 | F5: 58338.438 | G5: 65078.673 | H5: 64109.167 | I5: 64462.492 | J5: 65823.284 | K5: 67430.4 | L5: 69296.128 | M5: 70765.227 | N5: 70045.013 | O5: 70322.176 | P5: 69434.917 | Q5: 69894.856 | R5: 70794.739 | S5: 69714.89 | T5: 67414.699 | U5: 68349.269 | V5: 57024.69 | W5: 69809.998 | X5: 68072.047 | Y5: 70168.635 | Z5: 70299.945 | AA5: 69114.925 | AB5: 69603.328 | AC5: 66036.395 | AD5: 70463.072 | AE5: 70456.186 | AF5: 72107.409 | AG5: 69798.719 | AH5: 68374.676 | AI5: 68530.71 | AL5: 67934.362 | AM5: 6793.4362 | AO5: 74727.798 | AP5: 61140.926
B6: 2 | C6: 11KV Incomer Breaker | D6: 11857 | E6: 64634.019 | F6: 58108.765 | G6: 64890.197 | H6: 63937.195 | I6: 64266.181 | J6: 65626.171 | K6: 67250.918 | L6: 69124.037 | M6: 70560.427 | N6: 69831.992 | O6: 70124.945 | P6: 69238.754 | Q6: 69711.872 | R6: 70619.543 | S6: 69531.983 | T6: 67234.415 | U6: 68156.656 | V6: 56871.607 | W6: 69696.942 | X6: 67973.803 | Y6: 70086.923 | Z6: 70201.76 | AA6: 69000.266 | AB6: 69488.224 | AC6: 65856.171 | AD6: 70217.728 | AE6: 70226.603 | AF6: 71886.165 | AG6: 69591.911 | AH6: 68213.2 | AI6: 68399.638 | AL6: 67759.968 | AM6: 6775.9968 | AO6: 74535.965 | AP6: 60983.971
B7: 3 | C7: 11KV ATS O-G Breaker | D7: 11858 | E7: 43088.851 | F7: 39706.624 | G7: 43421.696 | H7: 42252.971 | I7: 42868.736 | J7: 43521.365 | K7: 44152.031 | L7: 45309.596 | M7: 46222.47 | N7: 45976.917 | O7: 45795.209 | P7: 44989.9 | Q7: 45742.08 | R7: 46699.149 | S7: 45643.806 | T7: 43682.475 | U7: 44552.192 | V7: 37230.592 | W7: 45481.717 | X7: 44445.963 | Y7: 45216.427 | Z7: 45903.872 | AA7: 44457.301 | AB7: 44895.573 | AC7: 42918.66 | AD7: 46051.239 | AE7: 46060.203 | AF7: 47265.109 | AG7: 45292.885 | AH7: 44208.128 | AI7: 44610.219 | AL7: 44440.773 | AM7: 4444.0773 | AO7: 48884.85 | AP7: 39996.695
B8: 4 | C8: 11KV Module & Cell O-G Breaker | D8: 11859 | E8: 21960.021 | F8: 18783.915 | G8: 21889.365 | H8: 22093.141 | I8: 21827.584 | J8: 22540.614 | K8: 23552.356 | L8: 24265.387 | M8: 24780.117 | N8: 24305.664 | O8: 24777.387 | P8: 24706.731 | Q8: 24419.476 | R8: 24370.039 | S8: 24319.647 | T8: 23988.268 | U8: 24033.236 | V8: 19999.744 | W8: 24657.697 | X8: 23968.011 | Y8: 25311.499 | Z8: 24754.206 | AA8: 24997.547 | AB8: 25052.961 | AC8: 23368.214 | AD8: 24630.984 | AE8: 24627.541 | AF8: 25076.395 | AG8: 24749.739 | AH8: 24451.413 | AI8: 24234.028 | AL8: 23757.836 | AM8: 2375.7836 | AO8: 26133.62 | AP8: 21382.053
B9: 5 | C9: Transformer - 1. OG Breaker | D9: 11860 | E9: 6235.5394 | F9: 4450.2537 | G9: 4632.7998 | H9: 5060.7816 | I9: 7358.4293 | J9: 7023.9805 | K9: 7515.2575 | L9: 6804.7056 | M9: 5830.1353 | N9: 6468.4171 | O9: 7540.493 | P9: 9071.9553 | Q9: 7975.1801 | R9: 5571.6074 | S9: 4366.9895 | T9: 4530.3148 | U9: 4717.3424 | V9: 5401.3049 | W9: 7389.2211 | X9: 5646.7187 | Y9: 4411.0695 | Z9: 5058.5322 | AA9: 4994.5166 | AB9: 4342.2994 | AC9: 3907.5653 | AD9: 6199.296 | AE9: 7495.7147 | AF9: 6548.0461 | AG9: 4872.2267 | AH9: 5756.442 | AI9: 4816.5836 | AL9: 5870.7651 | AM9: 587.07651 | AO9: 6457.8416 | AP9: 5283.6886
B10: 6 | C10: Transformer - 2. OG Breaker | D10: 11861 | E10: 11641.654 | F10: 10739.619 | G10: 9675.7586 | H10: 8006.4651 | I10: 5206.7797 | J10: 5384.435 | K10: 5668.3086 | L10: 8750.6875 | M10: 10653.892 | N10: 8961.1922 | O10: 7708.3273 | P10: 5064.6669 | Q10: 8499.6165 | R10: 11953.471 | S10: 13054.275 | T10: 12007.563 | U10: 11929.288 | V10: 10574.414 | W10: 8596.5321 | X10: 10342.594 | Y10: 11860.002 | Z10: 11279.305 | AA10: 11246.661 | AB10: 10905.461 | AC10: 10145.539 | AD10: 8036.7087 | AE10: 9821.0278 | AF10: 12674.933 | AG10: 12132.144 | AH10: 11641.283 | AI10: 12073.411 | AL10: 9878.5812 | AM10: 987.85812 | AO10: 10866.439 | AP10: 8890.7231
B11: 7 | C11: Transformer - 3. OG Breaker | D11: 11862 | E11: 8244.4843 | F11: 7806.9832 | G11: 8497.152 | H11: 8509.6411 | I11: 8567.027 | J11: 8925.67 | K11: 8985.3744 | L11: 8861.8696 | M11: 8943.0953 | N11: 8733.5051 | O11: 8688.7962 | P11: 8685.4926 | Q11: 8812.8277 | R11: 8769.3208 | S11: 8879.9961 | T11: 8286.3421 | U11: 8598.8278 | V11: 8790.2243 | W11: 9115.6827 | X11: 8753.7122 | Y11: 9075.4181 | Z11: 9159.563 | AA11: 8554.2177 | AB11: 8812.7425 | AC11: 9053.965 | AD11: 9091.3736 | AE11: 9050.0186 | AF11: 9067.0861 | AG11: 8824.3113 | AH11: 8570.3593 | AI11: 8589.5897 | AL11: 8751.7635 | AM11: 875.17635 | AO11: 9626.9399 | AP11: 7876.5872
B12: 8 | C12: Transformer - 4. OG Breaker | D12: 11863 | E12: 8172.9779 | F12: 7874.7336 | G12: 7737.5523 | H12: 7776.499 | I12: 7644.8716 | J12: 7853.3511 | K12: 7927.8643 | L12: 7809.662 | M12: 7891.7184 | N12: 7736.8125 | O12: 7918.7482 | P12: 7900.3509 | Q12: 7836.4117 | R12: 7810.4872 | S12: 7985.257 | T12: 8034.8532 | U12: 8061.8999 | V12: 7986.1515 | W12: 8011.436 | X12: 8028.4108 | Y12: 8027.0184 | Z12: 8004.6137 | AA12: 7640.4285 | AB12: 7481.9341 | AC12: 7783.6158 | AD12: 7927.5294 | AE12: 7879.7321 | AF12: 7920.1367 | AG12: 7836.5505 | AH12: 7713.4622 | AI12: 8013.5347 | AL12: 7878.3421 | AM12: 787.83421 | AO12: 8666.1763 | AP12: 7090.5079
B13: 9 | C13: Transformer - 5. OG Breaker | D13: 11864 | E13: 8648.3754 | F13: 8723.3621 | G13: 12726.578 | H13: 12815.407 | I13: 14020.49 | J13: 14118.648 | K13: 13924.838 | L13: 12944.748 | M13: 12749.807 | N13: 13926.886 | O13: 13802.965 | P13: 14116.682 | Q13: 12530.229 | R13: 12380.505 | S13: 11259.558 | T13: 10646.282 | U13: 11090.357 | V13: 11259.14 | W13: 12210.419 | X13: 11531.221 | Y13: 11686.29 | Z13: 12243.887 | AA13: 11897.63 | AB13: 13196.375 | AC13: 14645.526 | AD13: 14626.538 | AE13: 11638.715 | AF13: 10884.773 | AG13: 11449.465 | AH13: 10352.397 | AI13: 10948.608 | AL13: 12225.7 | AM13: 1222.57 | AO13: 13448.27 | AP13: 11003.13
B14: 10 | C14: 11KV DG Cummins-4 | D14: 11865 | E14: 0 | F14: 0 | G14: 0 | H14: 0 | I14: 0 | J14: 0 | K14: 0 | L14: 0 | M14: 0 | N14: 0 | O14: 0 | P14: 0 | Q14: 0 | R14: 0 | S14: 0 | T14: 0 | U14: 0 | V14: 2240.256 | W14: 0 | X14: 0 | Y14: 0 | Z14: 0 | AA14: 0 | AB14: 0 | AC14: 868.864 | AD14: 0 | AE14: 0 | AF14: 0 | AG14: 0 | AH14: 0 | AI14: 0 | AL14: 1554.56 | AM14: 155.456 | AO14: 1710.016 | AP14: 1399.104
B15: 11 | C15: 11KV DG, MTU-5 | D15: 11866 | E15: 0 | F15: 0 | G15: 0 | H15: 0 | I15: 0 | J15: 0.064 | K15: 0 | L15: 0 | M15: 0 | N15: 0 | O15: 0 | P15: 0 | Q15: 0 | R15: 0 | S15: 0 | T15: 0 | U15: 0 | V15: 0 | W15: 0 | X15: 0.064 | Y15: 0 | Z15: 0 | AA15: 0.064 | AB15: 0 | AC15: 1328.32 | AD15: 0 | AE15: 0.064 | AF15: 0 | AG15: 0 | AH15: 0 | AI15: 0 | AL15: 265.7152 | AM15: 26.57152 | AO15: 292.28672 | AP15: 239.14368
B16: 12 | C16: 11KV DG, Cummins-6 | D16: 11867 | E16: 0 | F16: 0.192 | G16: 0 | H16: 0 | I16: 0 | J16: 0.192 | K16: 0 | L16: 0 | M16: 0.128 | N16: 0 | O16: 0 | P16: 0 | Q16: 0.128 | R16: 0 | S16: 0 | T16: 0.064 | U16: 0 | V16: 3513.152 | W16: 0 | X16: 0.32 | Y16: 0 | Z16: 0 | AA16: 0.064 | AB16: 0 | AC16: 1340.544 | AD16: 0 | AE16: 0.064 | AF16: 0 | AG16: 0 | AH16: 0.128 | AI16: 0 | AL16: 441.36145 | AM16: 44.136145 | AO16: 485.4976 | AP16: 397.22531
... B20: 16 | C20: PMCC HVAC High Side | D20: 11885 | E20: 0.26799457 | F20: 0.27086737 | G20: 0.26649132 | H20: 0.26237024 | I20: 0.26187161 | J20: 0.26786764 | K20: 0.26773834 | L20: 0.26719973 | M20: 0.26678668 | N20: 0.26414756 | O20: 0.26043804 | P20: 0.28918158 | Q20: 0.28968414 | R20: 0.29021102 | S20: 0.28879839 | T20: 0.28866129 | U20: 0.28355645 | V20: 0.28140849 | W20: 0.27660598 | X20: 0.26811457 | Y20: 0.26823869 | Z20: 0.26836211 | AA20: 0.26986343 | AB20: 0.27131802 | AC20: 0.266576 | AD20: 0.26573098 | AE20: 0.27160969 | AF20: 0.26824059 | AG20: 0.27818776 | AH20: 0.26704076 | AI20: 0.26798787 | AL20: 0.27235971 | AM20: 0.027235971 | AO20: 0.29959568 | AP20: 0.24512374
B21: 17 | C21: UPW Panel | D21: 11872 | E21: 0 | F21: 0 | G21: 0 | H21: 0 | I21: 0 | J21: 0 | K21: 0 | L21: 0 | M21: 0 | N21: 0 | O21: 0 | P21: 0 | Q21: 0 | R21: 0 | S21: 0 | T21: 0 | U21: 0 | V21: 0 | W21: 0 | X21: 0 | Y21: 0 | Z21: 0 | AA21: 0 | AB21: 0 | AC21: 0 | AD21: 0 | AE21: 0 | AF21: 0 | AG21: 0 | AH21: 0 | AI21: 0 | AL21: 0 | AM21: 0 | AO21: 0 | AP21: 0
B22: 18 | C22: Chiller - 3 | D22: 11873 | E22: 0 | F22: 0 | G22: 0 | H22: 0 | I22: 0 | J22: 0 | K22: 0 | L22: 0 | M22: 0 | N22: 0 | O22: 0 | P22: 0 | Q22: 0 | R22: 0 | S22: 0 | T22: 0 | U22: 0 | V22: 0 | W22: 0 | X22: 0 | Y22: 0 | Z22: 0 | AA22: 0 | AB22: 0 | AC22: 0 | AD22: 0 | AE22: 0 | AF22: 0 | AG22: 0 | AH22: 0 | AI22: 0 | AL22: 0 | AM22: 0 | AO22: 0 | AP22: 0
B23: 19 | C23: Chiller - 2 | D23: 11874 | E23: 0 | F23: 0 | G23: 0 | H23: 430.14678 | I23: 2482.0736 | J23: 2559.902 | K23: 2836.2908 | L23: 1682.7548 | M23: 681.472 | N23: 1527.1513 | O23: 2512.3922 | P23: 4118.9094 | Q23: 1735.9471 | R23: 0 | S23: 0 | T23: 0 | U23: 0 | V23: 562.3207 | W23: 3306.3068 | X23: 1501.7405 | Y23: 0 | Z23: 0 | AA23: 0 | AB23: 0 | AC23: 947.48444 | AD23: 3747.2884 | AE23: 2182.4111 | AF23: 113.152 | AG23: 0 | AH23: 0 | AI23: 0 | AL23: 1936.9261 | AM23: 193.69261 | AO23: 2130.6187 | AP23: 1743.2335
B24: 20 | C24: Chiller - 1 | D24: 11875 | E24: 3675.8409 | F24: 3742.3578 | G24: 4182.9534 | H24: 2861.5481 | I24: 0 | J24: 0 | K24: 0 | L24: 1150.8587 | M24: 2735.163 | N24: 2227.0807 | O24: 2127.8975 | P24: 0 | Q24: 3002.8152 | R24: 5322.341 | S24: 5167.2406 | T24: 4473.5285 | U24: 4216.4364 | V24: 2792.6382 | W24: 0 | X24: 2520.6087 | Y24: 4088.4428 | Z24: 3328.6301 | AA24: 3824.2699 | AB24: 3768.6136 | AC24: 2675.4348 | AD24: 0 | AE24: 2097.7104 | AF24: 4655.8005 | AG24: 4312.9398 | AH24: 4250.7056 | AI24: 4300.2692 | AL24: 3500.085 | AM24: 350.0085 | AO24: 3850.0935 | AP24: 3150.0765
B25: 21 | C25: CDA - 3 | D25: 11876 | E25: 2231.1198 | F25: 2233.789 | G25: 272.26101 | H25: 0 | I25: 0 | J25: 0 | K25: 0 | L25: 1871.6944 | M25: 2217.2217 | N25: 928.33385 | O25: 0 | P25: 0 | Q25: 1677.5823 | R25: 1576.1177 | S25: 2223.8233 | T25: 2229.1087 | U25: 2237.9664 | V25: 2176.7789 | W25: 2232.528 | X25: 2232.7605 | Y25: 2235.4361 | Z25: 2231.7475 | AA25: 2233.3772 | AB25: 2072.8641 | AC25: 2202.9373 | AD25: 2234.4056 | AE25: 2229.3165 | AF25: 2231.1817 | AG25: 2229.4097 | AH25: 2231.3108 | AI25: 2230.0124 | AL25: 2028.1234 | AM25: 202.81234 | AO25: 2230.9357 | AP25: 1825.311
B26: 22 | C26: Fire Pump | D26: 11877 | E26: 6.0039062 | F26: 2.5180664 | G26: 3.2939453 | H26: 3.6362305 | I26: 3.7006836 | J26: 3.465332 | K26: 3.6157227 | L26: 3.6210938 | M26: 3.3979492 | N26: 3.4189453 | O26: 3.2011719 | P26: 3.1640625 | Q26: 3.684082 | R26: 0.54785156 | S26: 0.90283203 | T26: 3.0092773 | U26: 0.54980469 | V26: 0.36914062 | W26: 0.36376953 | X26: 1.2880859 | Y26: 8.6230469 | Z26: 13.701172 | AA26: 11.189941 | AB26: 4.737793 | AC26: 25.160156 | AD26: 5.2587891 | AE26: 7.3491211 | AF26: 1.0131836 | AG26: 1.3500977 | AH26: 1.46875 | AI26: 1.1958008 | AL26: 4.3483808 | AM26: 0.43483808 | AO26: 4.7832189 | AP26: 3.9135427
B27: 23 | C27: 60KW Solar ( Above ATS) | D27: 11878 | E27: 338.8125 | F27: 398.9375 | G27: 322.15625 | H27: 305.8125 | I27: 460.75 | J27: 442 | K27: 354.375 | L27: 348.5625 | M27: 378.40625 | N27: 379.59375 | O27: 450.84375 | P27: 576 | Q27: 578.5 | R27: 605.6875 | S27: 595.5625 | T27: 494.625 | U27: 407.03125 | V27: 394.46875 | W27: 338.15625 | X27: 285.09375 | Y27: 240.5625 | Z27: 205.65625 | AA27: 272.15625 | AB27: 301.34375 | AC27: 308.46875 | AD27: 254.03125 | AE27: 199.46875 | AF27: 230.84375 | AG27: 224.53125 | AH27: 221.4375 | AI27: 214.78125 | AL27: 358.98891 | AM27: 35.898891 | AO27: 394.8878 | AP27: 323.09002
B28: 24 | C28: CDA - 4 | D28: 11879 | E28: 2445.6848 | F28: 1724.5683 | G28: 1967.9086 | H28: 1938.7622 | I28: 2160.5428 | J28: 2297.7649 | K28: 2343.2203 | L28: 2366.1469 | M28: 2502.5146 | N28: 2464.8698 | O28: 2441.3305 | P28: 2263.0054 | Q28: 489.125 | R28: 1658.3188 | S28: 2263.4 | T28: 1997.1406 | U28: 2202.175 | V28: 2331.2906 | W28: 2567.3438 | X28: 2329.3216 | Y28: 2331.1059 | Z28: 2420.8162 | AA28: 2119.6448 | AB28: 2204.9552 | AC28: 2248.2748 | AD28: 2499.3016 | AE28: 2292.295 | AF28: 2419.1943 | AG28: 2274.0202 | AH28: 2062.5942 | AI28: 2258.337 | AL28: 2189.8379 | AM28: 218.98379 | AO28: 2408.8216 | AP28: 1970.8541
B29: 25 | C29: HVAC Low Side | D29: 11880 | E29: 655.64016 | F29: 652.29511 | G29: 653.92969 | H29: 652.67852 | I29: 642.30738 | J29: 644.53129 | K29: 646.02624 | L29: 658.4097 | M29: 670.10273 | N29: 802.86957 | O29: 897.47927 | P29: 910.39275 | Q29: 922.50997 | R29: 919.77174 | S29: 927.05054 | T29: 722.58027 | U29: 711.99983 | V29: 663.04491 | W29: 891.2625 | X29: 892.00137 | Y29: 737.20344 | Z29: 664.67644 | AA29: 680.23849 | AB29: 670.29901 | AC29: 752.87812 | AD29: 892.89636 | AE29: 910.14899 | AF29: 769.39841 | AG29: 677.83321 | AH29: 663.60613 | AI29: 672.24845 | AL29: 749.30034 | AM29: 74.930034 | AO29: 824.23037 | AP29: 674.37031
B30: 26 | C30: Chiller - 5 | D30: 11881 | E30: 2720.8696 | F30: 2538.5745 | G30: 2720.1762 | H30: 2680.7462 | I30: 2724.2939 | J30: 2723.5943 | K30: 2878.8851 | L30: 2860.8225 | M30: 2678.2893 | N30: 2737.2781 | O30: 2522.1312 | P30: 2313.7188 | Q30: 2760.698 | R30: 2838.8416 | S30: 2802.3323 | T30: 2816.0472 | U30: 2722.3038 | V30: 2777.9022 | W30: 3047.1142 | X30: 2416.6539 | Y30: 2459.2869 | Z30: 2599.608 | AA30: 2406.4222 | AB30: 2263.6835 | AC30: 2246.6344 | AD30: 2470.3469 | AE30: 2259.3482 | AF30: 2570.5679 | AG30: 2612.126 | AH30: 2399.6339 | AI30: 2578.4072 | AL30: 2617.6561 | AM30: 261.76561 | AO30: 2879.4217 | AP30: 2355.8905
B31: 27 | C31: Module CDA | D31: 11882 | E31: 0 | F31: 0 | G31: 0 | H31: 0 | I31: 0 | J31: 0 | K31: 0 | L31: 0 | M31: 0 | N31: 0 | O31: 0 | P31: 0 | Q31: 0 | R31: 0 | S31: 0 | T31: 0 | U31: 0 | V31: 0 | W31: 0 | X31: 0 | Y31: 0 | Z31: 0 | AA31: 0 | AB31: 0 | AC31: 0 | AD31: 0 | AE31: 0 | AF31: 0 | AG31: 0 | AH31: 0 | AI31: 0 | AL31: 0 | AM31: 0 | AO31: 0 | AP31: 0
B32: 28 | C32: Kaeser Compressor New Oil Free | D32: 11883 | E32: 0 | F32: 0 | G32: 0 | H32: 0 | I32: 0 | J32: 0 | K32: 0 | L32: 0 | M32: 0 | N32: 0 | O32: 0 | P32: 0 | Q32: 0 | R32: 0.0015 | S32: 0.00125 | T32: 0.0005 | U32: 0.0015 | V32: 0.04475 | W32: 0.00075 | X32: 0.0005 | Y32: 0 | Z32: 0 | AA32: 0 | AB32: 0.01375 | AC32: 0 | AD32: 0 | AE32: 0 | AF32: 0.05825 | AG32: 0.01 | AH32: 0.0035 | AI32: 0.0035 | AL32: 0.011645833 | AM32: 0.0011645833 | AO32: 0.012810417 | AP32: 0.01048125
B33: 29 | C33: UPS 3(500KVA) Breaker | D33: 11884 | E33: 4.233913 | F33: 3.9718761 | G33: 3.951863 | H33: 3.9359219 | I33: 3.9359476 | J33: 3.9218803 | K33: 3.9618153 | L33: 4.119913 | M33: 4.0078696 | N33: 4.078359 | O33: 4.0930753 | P33: 4.0159355 | Q33: 3.9938495 | R33: 4.0110323 | S33: 4.0252043 | T33: 4.0044946 | U33: 4.0198065 | V33: 4.0116344 | W33: 4.0016957 | X33: 3.9958312 | Y33: 4.0424949 | Z33: 4.011118 | AA33: 3.9998167 | AB33: 3.9998261 | AC33: 3.9784783 | AD33: 3.9977284 | AE33: 3.9857204 | AF33: 3.986129 | AG33: 3.9375961 | AH33: 3.9977826 | AI33: 3.9938041 | AL33: 4.0071746 | AM33: 0.40071746 | AO33: 4.4078921 | AP33: 3.6064571
B34: 30 | C34: PMCC Utilities | D34: 11885 | E34: 0.26799457 | F34: 0.27086737 | G34: 0.26649132 | H34: 0.26237024 | I34: 0.26187161 | J34: 0.26786764 | K34: 0.26773834 | L34: 0.26719973 | M34: 0.26678668 | N34: 0.26414756 | O34: 0.26043804 | P34: 0.28918158 | Q34: 0.28968414 | R34: 0.29021102 | S34: 0.28879839 | T34: 0.28866129 | U34: 0.28355645 | V34: 0.28140849 | W34: 0.27660598 | X34: 0.26811457 | Y34: 0.26823869 | Z34: 0.26836211 | AA34: 0.26986343 | AB34: 0.27131802 | AC34: 0.266576 | AD34: 0.26573098 | AE34: 0.27160969 | AF34: 0.26824059 | AG34: 0.27818776 | AH34: 0.26704076 | AI34: 0.26798787 | AL34: 0.27235971 | AM34: 0.027235971 | AO34: 0.29959568 | AP34: 0.24512374
B35: 31 | C35: Komax Line module | D35: 11886 | E35: 3485.0217 | F35: 3450.9412 | G35: 3348.2327 | H35: 3399.6848 | I35: 3281.3587 | J35: 3488.4819 | K35: 3517.692 | L35: 3247.3026 | M35: 3390.0018 | N35: 3168.1165 | O35: 3345.9922 | P35: 3420.7713 | Q35: 3354.6828 | R35: 3314.7258 | S35: 3470.414 | T35: 3543.3226 | U35: 3558.086 | V35: 3521.878 | W35: 3549.6902 | X35: 3568.8315 | Y35: 3520.4511 | Z35: 3538.6707 | AA35: 3198.3891 | AB35: 3046.326 | AC35: 3362.4516 | AD35: 3479.7224 | AE35: 3428.998 | AF35: 3472.5323 | AG35: 3422.111 | AH35: 3255.0449 | AI35: 3552.3065 | AL35: 3409.7494 | AM35: 340.97494 | AO35: 3750.7244 | AP35: 3068.7745
B36: 32 | C36: I-C 3(500KVA) UPS - Nexa line | D36: 11887 | E36: 7615.8832 | F36: 7044.0014 | G36: 7630.8834 | H36: 7618.0224 | I36: 7526.0672 | J36: 7709.6864 | K36: 7852.4768 | L36: 7580.9411 | M36: 7634.8765 | N36: 7450.1824 | O36: 7659.9072 | P36: 7601.4112 | Q36: 7624.8621 | R36: 7575.3331 | S36: 7812.544 | T36: 7522.9312 | U36: 7688.6479 | V36: 7814.4689 | W36: 7889.968 | X36: 7651.0176 | Y36: 7888.1472 | Z36: 7876.8699 | AA36: 7415.4117 | AB36: 7541.0784 | AC36: 7787.3376 | AD36: 7848.7936 | AE36: 7837.92 | AF36: 7731.6416 | AG36: 7701.0432 | AH36: 7395.0894 | AI36: 7710.2418 | AL36: 7652.8286 | AM36: 765.28286 | AO36: 8418.1115 | AP36: 6887.5457
B37: 33 | C37: O-G 3(500KVA) New UPS L5 - L6 | D37: 11888 | E37: 6107.8055 | F37: 5605.5257 | G37: 6122.9056 | H37: 6111.0272 | I37: 6038.5792 | J37: 6201.5744 | K37: 6325.4528 | L37: 6087.8336 | M37: 6136.3456 | N37: 5968.4224 | O37: 6151.616 | P37: 6096.576 | Q37: 6120.1792 | R37: 6075.4688 | S37: 6282.112 | T37: 6025.0112 | U37: 6161.9456 | V37: 6274.1747 | W37: 6344.3085 | X37: 6133.9008 | Y37: 6346.4192 | Z37: 6330.6496 | AA37: 5925.3504 | AB37: 6036.9015 | AC37: 6262.5545 | AD37: 6328.768 | AE37: 6317.7728 | AF37: 6234.9824 | AG37: 6195.2512 | AH37: 5926.8143 | AI37: 6210.8113 | AL37: 6144.7432 | AM37: 614.47432 | AO37: 6759.2175 | AP37: 5530.2689
B38: 34 | C38: MV - 1. 11KV to 2000KVA TF | D38: 11889 | E38: 0 | F38: 0 | G38: 0 | H38: 0 | I38: 0 | J38: 0 | K38: 0 | L38: 0 | M38: 0 | N38: 0 | O38: 0 | P38: 0 | Q38: 0 | R38: 0 | S38: 0 | T38: 0 | U38: 0 | V38: 0 | W38: 0 | X38: 0 | Y38: 0 | Z38: 0 | AA38: 0 | AB38: 0 | AC38: 0 | AD38: 0 | AE38: 0 | AF38: 0 | AG38: 0 | AH38: 0 | AI38: 0 | AL38: 0 | AM38: 0 | AO38: 0 | AP38: 0
B39: 35 | C39: MV - 2. 11KV to 2000KVA TF | D39: 11890 | E39: 0 | F39: 0 | G39: 0 | H39: 0 | I39: 0 | J39: 0 | K39: 0 | L39: 0 | M39: 0 | N39: 0 | O39: 0 | P39: 0 | Q39: 0 | R39: 0 | S39: 0 | T39: 0 | U39: 0 | V39: 0.082000732 | W39: 0 | X39: 0 | Y39: 0 | Z39: 0 | AA39: 0 | AB39: 0 | AC39: 0.029998779 | AD39: 0 | AE39: 0 | AF39: 0 | AG39: 0 | AH39: 0 | AI39: 0 | AL39: 0.055999756 | AM39: 0.0055999756 | AO39: 0.061599731 | AP39: 0.05039978
B40: 36 | C40: DG - 1 (825) KVA | D40: 11891 | E40: 0 | F40: 0 | G40: 0 | H40: 0 | I40: 0 | J40: 0.64 | K40: 0 | L40: 0 | M40: 0.8 | N40: 0 | O40: 0 | P40: 0 | Q40: 0.704 | R40: 0 | S40: 0 | T40: 0.64 | U40: 0 | V40: 1022.72 | W40: 0 | X40: 0.736 | Y40: 0 | Z40: 0 | AA40: 0 | AB40: 0 | AC40: 218.56 | AD40: 0 | AE40: 0.64 | AF40: 0 | AG40: 0 | AH40: 0.64 | AI40: 48.864 | AL40: 129.4944 | AM40: 12.94944 | AO40: 142.44384 | AP40: 116.54496
B41: 37 | C41: DG - 4 (1025) KVA | D41: 11892 | E41: 0 | F41: 0 | G41: 0 | H41: 0 | I41: 0 | J41: 0.768 | K41: 0 | L41: 0 | M41: 1.024 | N41: 0 | O41: 0 | P41: 0 | Q41: 0.768 | R41: 0 | S41: 0 | T41: 0.64 | U41: 0 | V41: 1271.936 | W41: 0 | X41: 0.64 | Y41: 0 | Z41: 0 | AA41: 0 | AB41: 0 | AC41: 273.216 | AD41: 0 | AE41: 0.576 | AF41: 0 | AG41: 0 | AH41: 0.896 | AI41: 56.32 | AL41: 160.6784 | AM41: 16.06784 | AO41: 176.74624 | AP41: 144.61056
B42: 38 | C42: DG - 3 (1025) KVA | D42: 11893 | E42: 0 | F42: 0 | G42: 0 | H42: 0 | I42: 0 | J42: 0.384 | K42: 0 | L42: 0 | M42: 0.576 | N42: 0 | O42: 0 | P42: 0 | Q42: 0.288 | R42: 0 | S42: 0 | T42: 0.288 | U42: 0 | V42: 1173.792 | W42: 0 | X42: 0.416 | Y42: 0 | Z42: 0 | AA42: 0 | AB42: 0 | AC42: 250.72 | AD42: 0 | AE42: 0.32 | AF42: 0 | AG42: 0 | AH42: 0.48 | AI42: 60.576 | AL42: 148.784 | AM42: 14.8784 | AO42: 163.6624 | AP42: 133.9056
B43: 39 | C43: MV-1 3(200)KVA UPS Panel | D43: 11894 | E43: 0 | F43: 0 | G43: 0 | H43: 0 | I43: 0 | J43: 0 | K43: 0 | L43: 0 | M43: 0 | N43: 0 | O43: 0 | P43: 0 | Q43: 0 | R43: 0 | S43: 0 | T43: 0 | U43: 0 | V43: 0 | W43: 0 | X43: 0 | Y43: 0 | Z43: 0 | AA43: 0 | AB43: 0 | AC43: 0 | AD43: 0 | AE43: 0 | AF43: 0 | AG43: 0 | AH43: 0 | AI43: 0 | AL43: 0 | AM43: 0 | AO43: 0 | AP43: 0
B44: 40 | C44: MV - 1 SSB - 2 | D44: 11895 | E44: 0 | F44: 0 | G44: 0 | H44: 0 | I44: 0 | J44: 0 | K44: 0 | L44: 0 | M44: 0 | N44: 0 | O44: 0 | P44: 0 | Q44: 0 | R44: 0 | S44: 0 | T44: 0 | U44: 0 | V44: 0 | W44: 0 | X44: 0 | Y44: 0 | Z44: 0 | AA44: 0 | AB44: 0 | AC44: 0 | AD44: 0 | AE44: 0 | AF44: 0 | AG44: 0 | AH44: 0 | AI44: 0 | AL44: 0 | AM44: 0 | AO44: 0 | AP44: 0
B45: 41 | C45: MV - 1 Module Plant A-C | D45: 11896 | E45: 0 | F45: 0 | G45: 0 | H45: 0 | I45: 0 | J45: 0 | K45: 0 | L45: 0 | M45: 0 | N45: 0 | O45: 0 | P45: 0 | Q45: 0 | R45: 0 | S45: 0 | T45: 0 | U45: 0 | V45: 0 | W45: 0 | X45: 0 | Y45: 0 | Z45: 0 | AA45: 0 | AB45: 0 | AC45: 0 | AD45: 0 | AE45: 0 | AF45: 0 | AG45: 0 | AH45: 0 | AI45: 0 | AL45: 0 | AM45: 0 | AO45: 0 | AP45: 0
B46: 42 | C46: MV - 1 New STP | D46: 11897 | E46: 0 | F46: 0 | G46: 0 | H46: 0 | I46: 0 | J46: 0 | K46: 0 | L46: 0 | M46: 0 | N46: 0 | O46: 0 | P46: 0 | Q46: 0 | R46: 0 | S46: 0 | T46: 0 | U46: 0 | V46: 0 | W46: 0 | X46: 0 | Y46: 0 | Z46: 0 | AA46: 0 | AB46: 0 | AC46: 0 | AD46: 0 | AE46: 0 | AF46: 0 | AG46: 0 | AH46: 0 | AI46: 0 | AL46: 0 | AM46: 0 | AO46: 0 | AP46: 0
B47: 43 | C47: DG I-C from Synchronisation panel | D47: 11898 | E47: 0 | F47: 0 | G47: 0 | H47: 0 | I47: 0 | J47: 0 | K47: 0 | L47: 0 | M47: 0 | N47: 0 | O47: 0 | P47: 0 | Q47: 0 | R47: 0 | S47: 0 | T47: 0 | U47: 0 | V47: 0 | W47: 0 | X47: 0 | Y47: 0 | Z47: 0 | AA47: 0 | AB47: 0 | AC47: 0 | AD47: 0 | AE47: 0 | AF47: 0 | AG47: 0 | AH47: 0 | AI47: 0 | AL47: 0 | AM47: 0 | AO47: 0 | AP47: 0
B48: 44 | C48: MV - 1 SSB - 3 | D48: 11899 | E48: 0 | F48: 0 | G48: 0 | H48: 0 | I48: 0 | J48: 0 | K48: 0 | L48: 0 | M48: 0 | N48: 0 | O48: 0 | P48: 0 | Q48: 0 | R48: 0 | S48: 0 | T48: 0 | U48: 0 | V48: 0 | W48: 0 | X48: 0 | Y48: 0 | Z48: 0 | AA48: 0 | AB48: 0 | AC48: 0 | AD48: 0 | AE48: 0 | AF48: 0 | AG48: 0 | AH48: 0 | AI48: 0 | AL48: 0 | AM48: 0 | AO48: 0 | AP48: 0
B49: 45 | C49: MV - 1 Essential Panel | D49: 11900 | E49: 0 | F49: 0 | G49: 0 | H49: 0 | I49: 0 | J49: 0 | K49: 0 | L49: 0 | M49: 0 | N49: 0 | O49: 0 | P49: 0 | Q49: 0 | R49: 0 | S49: 0 | T49: 0 | U49: 0 | V49: 0 | W49: 0 | X49: 0 | Y49: 0 | Z49: 0 | AA49: 0 | AB49: 0 | AC49: 0 | AD49: 0 | AE49: 0 | AF49: 0 | AG49: 0 | AH49: 0 | AI49: 0 | AL49: 0 | AM49: 0 | AO49: 0 | AP49: 0
B50: 46 | C50: MV - 1 SSB - 4 | D50: 11901 | E50: 0 | F50: 0 | G50: 0 | H50: 0 | I50: 0 | J50: 0 | K50: 0 | L50: 0 | M50: 0 | N50: 0 | O50: 0 | P50: 0 | Q50: 0 | R50: 0 | S50: 0 | T50: 0 | U50: 0 | V50: 0 | W50: 0 | X50: 0 | Y50: 0 | Z50: 0 | AA50: 0 | AB50: 0 | AC50: 0 | AD50: 0 | AE50: 0 | AF50: 0 | AG50: 0 | AH50: 0 | AI50: 0 | AL50: 0 | AM50: 0 | AO50: 0 | AP50: 0
B51: 47 | C51: MV - 2 UPS 3-400KVA Cell 2 | D51: 11902 | E51: 6248.1248 | F51: 3637.4496 | G51: 6252.9696 | H51: 6235.5328 | I51: 6447.5712 | J51: 6420.624 | K51: 6437.8272 | L51: 6499.5456 | M51: 6511.68 | N51: 6483.4752 | O51: 6370.9248 | P51: 6350.6624 | Q51: 6376.2944 | R51: 6432.064 | S51: 6381.0752 | T51: 6114.112 | U51: 6337.7984 | V51: 6112.7194 | W51: 6515.4912 | X51: 6411.7888 | Y51: 6451.8592 | Z51: 6468.6208 | AA51: 6473.5328 | AB51: 6495.8496 | AC51: 6236.9677 | AD51: 6489.3459 | AE51: 6374.6016 | AF51: 6476.0864 | AG51: 6414.2144 | AH51: 6491.7888 | AI51: 6360.9024 | AL51: 6300.371 | AM51: 630.0371 | AO51: 6930.4081 | AP51: 5670.3339
B52: 48 | C52: MV - 2 Lighting-AC-AC LTG | D52: 11903 | E52: 3559.3852 | F52: 2991.1367 | G52: 3248.7055 | H52: 3355.9945 | I52: 3233.7477 | J52: 3659.3727 | K52: 3854.8187 | L52: 4128.7359 | M52: 4348.4469 | N52: 4189.5687 | O52: 4066.8969 | P52: 4191.7086 | Q52: 3482.0961 | R52: 3407.1047 | S52: 3468.7336 | T52: 3304.4937 | U52: 3396.8898 | V52: 3464.5234 | W52: 3752.4234 | X52: 3455.4586 | Y52: 4126.8641 | Z52: 4068.9891 | AA52: 4068.8289 | AB52: 4160.5766 | AC52: 3955.5336 | AD52: 4180.8555 | AE52: 4270.6617 | AF52: 4176.5086 | AG52: 3982.3867 | AH52: 3711.7398 | AI52: 3775.4648 | AL52: 3775.4403 | AM52: 377.54403 | AO52: 4152.9844 | AP52: 3397.8963
B53: 49 | C53: MV - 2 Raw Power | D53: 11904 | E53: 1583.2576 | F53: 1453.3568 | G53: 1513.4976 | H53: 1587.2768 | I53: 1504.6464 | J53: 1558.4128 | K53: 1601.3248 | L53: 1580.1728 | M53: 1603.8144 | N53: 1555.2832 | O53: 1529.7216 | P53: 1485.728 | Q53: 1510.4576 | R53: 1475.3856 | S53: 1528.7616 | T53: 1568.0896 | U53: 1592.5376 | V53: 1553.024 | W53: 1486.4896 | X53: 1552.4608 | Y53: 1581.8112 | Z53: 1548.7808 | AA53: 1500.1984 | AB53: 1551.4368 | AC53: 1481.9008 | AD53: 1523.0848 | AE53: 1606.048 | AF53: 1576.864 | AG53: 1573.2288 | AH53: 1538.8224 | AI53: 1478.2336 | AL53: 1541.4229 | AM53: 154.14229 | AO53: 1695.5652 | AP53: 1387.2806
B54: 50 | C54: Module UPS1 | D54: 11906 | E54: 1568.8453 | F54: 1573.5062 | G54: 1551.8187 | H54: 1565.1023 | I54: 1655.7188 | J54: 1662.7391 | K54: 1692.848 | L54: 1691.7668 | M54: 1751.0086 | N54: 1771.0726 | O54: 1828.9852 | P54: 1858.4271 | Q54: 1848.7284 | R54: 1836.1261 | S54: 1836.7552 | T54: 1840.8211 | U54: 1826.1152 | V54: 1839.356 | W54: 1833.0499 | X54: 1811.9 | Y54: 1834.2107 | Z54: 1830.3471 | AA54: 1821.6189 | AB54: 1821.6311 | AC54: 1808.9844 | AD54: 1844.7935 | AE54: 1844.5534 | AF54: 1843.3391 | AG54: 1850.8659 | AH54: 1843.2113 | AI54: 1846.9478 | AL54: 1775.3288 | AM54: 177.53288 | AO54: 1952.8617 | AP54: 1597.7959
B55: 51 | C55: Module UPS2 | D55: 11907 | E55: 1210.5948 | F55: 1242.1805 | G55: 1224.6336 | H55: 1236.2515 | I55: 1321.9821 | J55: 1330.2917 | K55: 1360.2738 | L55: 1359.6399 | M55: 1418.2647 | N55: 1439.9644 | O55: 1498.8379 | P55: 1523.1405 | Q55: 1513.44 | R55: 1497.6576 | S55: 1497.5703 | T55: 1509.1998 | U55: 1495.8859 | V55: 1503.7056 | W55: 1503.6608 | X55: 1482.8997 | Y55: 1499.4811 | Z55: 1497.4523 | AA55: 1487.4949 | AB55: 1487.4944 | AC55: 1477.3184 | AD55: 1509.088 | AE55: 1506.4548 | AF55: 1506.0636 | AG55: 1510.6176 | AH55: 1503.616 | AI55: 1508.9024 | AL55: 1440.7761 | AM55: 144.07761 | AO55: 1584.8537 | AP55: 1296.6985
B56: 52 | C56: Module UPS3 | D56: 11908 | E56: 1526.8599 | F56: 1519.5919 | G56: 1518.605 | H56: 1514.2291 | I56: 1591.2261 | J56: 1634.4852 | K56: 1661.3031 | L56: 1633.5789 | M56: 1668.6035 | N56: 1723.104 | O56: 1798.2569 | P56: 1813.5293 | Q56: 1794.3255 | R56: 1776.4035 | S56: 1788.1988 | T56: 1804.8065 | U56: 1782.5934 | V56: 1805.2909 | W56: 1760.2368 | X56: 1716.3264 | Y56: 1794.8859 | Z56: 1788.9221 | AA56: 1757.6896 | AB56: 1781.8406 | AC56: 1763.5802 | AD56: 1802.976 | AE56: 1795.2364 | AF56: 1805.8516 | AG56: 1798.4704 | AH56: 1806.656 | AI56: 1807.5879 | AL56: 1726.9436 | AM56: 172.69436 | AO56: 1899.638 | AP56: 1554.2492
B57: 53 | C57: 20KW Solar (Above Canteen ) | D57: 11912 | E57: 57.578125 | F57: 75.03125 | G57: 58 | H57: 38.78125 | I57: 89.171875 | J57: 87.328125 | K57: 67.21875 | L57: 59.25 | M57: 65.765625 | N57: 65.46875 | O57: 86.359375 | P57: 108.375 | Q57: 108.42188 | R57: 111.0625 | S57: 109.59375 | T57: 89.859375 | U57: 73.046875 | V57: 66.921875 | W57: 78.5 | X57: 88.75 | Y57: 68.0625 | Z57: 60.90625 | AA57: 68.9375 | AB57: 88.28125 | AC57: 90.46875 | AD57: 70.21875 | AE57: 53.6875 | AF57: 63.765625 | AG57: 61.78125 | AH57: 62.0625 | AI57: 62.109375 | AL57: 75.31502 | AM57: 7.531502 | AO57: 82.846522 | AP57: 67.783518
B58: 54 | C58: MV-2 SMSB | D58: 12181 | E58: 0 | F58: 0 | G58: 0 | H58: 0 | I58: 0 | J58: 0 | K58: 0 | L58: 0 | M58: 0 | N58: 0 | O58: 0 | P58: 0 | Q58: 0 | R58: 0 | S58: 0 | T58: 0 | U58: 0 | V58: 0 | W58: 0 | X58: 0 | Y58: 0 | Z58: 0 | AA58: 0 | AB58: 0 | AC58: 0 | AD58: 0 | AE58: 0 | AF58: 0 | AG58: 0 | AH58: 0 | AI58: 0 | AL58: 0 | AM58: 0 | AO58: 0 | AP58: 0
B59: 55 | C59: Unit 1 DG 1 - 365KVA | D59: 12817 | E59: 0 | F59: 0 | G59: 0 | H59: 137.10938 | I59: 0 | J59: 11.421875 | K59: 0 | L59: 0 | M59: 0 | N59: 0 | O59: 0 | P59: 42.445312 | Q59: 0 | R59: 0 | S59: 51.359375 | T59: 0 | U59: 0 | V59: 0 | W59: 0 | X59: 0 | Y59: 0 | Z59: 0 | AA59: 0 | AB59: 0 | AC59: 0 | AD59: 0 | AE59: 0 | AF59: 0 | AG59: 0 | AH59: 0 | AI59: 0 | AL59: 60.583984 | AM59: 6.0583984 | AO59: 66.642383 | AP59: 54.525586
B60: 56 | C60: Unit 1 DG 2 - 380KVA | D60: 12818 | E60: 0 | F60: 0 | G60: 0 | H60: 0 | I60: 0 | J60: 0 | K60: 0 | L60: 0 | M60: 0 | N60: 0 | O60: 0 | P60: 0 | Q60: 0 | R60: 0 | S60: 0 | T60: 0 | U60: 0 | V60: 0 | W60: 0 | X60: 0 | Y60: 0 | Z60: 0 | AA60: 0 | AB60: 0 | AC60: 0 | AD60: 0 | AE60: 0 | AF60: 0 | AG60: 0 | AH60: 0 | AI60: 0 | AL60: 0 | AM60: 0 | AO60: 0 | AP60: 0
B61: 57 | C61: JINCHEN LAMINATOR 2 | D61: 13236 | E61: 877.10362 | F61: 882.27657 | G61: 889.45621 | H61: 890.3112 | I61: 910.4564 | J61: 895.8776 | K61: 899.0896 | L61: 891.314 | M61: 914.7196 | N61: 883.5984 | O61: 873.6088 | P61: 900.03137 | Q61: 886.04383 | R61: 869.486 | S61: 848.8636 | T61: 879.4552 | U61: 874.85309 | V61: 595.73382 | W61: 993.26589 | X61: 877.5912 | Y61: 882.2604 | Z61: 874.8276 | AA61: 883.5908 | AB61: 876.31 | AC61: 638.76815 | AD61: 943.94065 | AE61: 876.0924 | AF61: 823.568 | AG61: 881.322 | AH61: 888.928 | AI61: 881.13455 | AL61: 870.4477 | AM61: 87.04477 | AO61: 957.49246 | AP61: 783.40293
B62: 58 | C62: Unit 1 EB Incomer | D62: 12819 | E62: 1951.9607 | F62: 2086.2924 | G62: 2044.1511 | H62: 1206.9292 | I62: 963.97083 | J62: 2011.3527 | K62: 2012.0147 | L62: 2025.7002 | M62: 2153.4699 | N62: 2132.6389 | O62: 1512.9221 | P62: 972.26393 | Q62: 2304.775 | R62: 2255.95 | S62: 2161.325 | T62: 2149.9875 | U62: 2111.5125 | V62: 1235.6763 | W62: 955.41123 | X62: 2051.25 | Y62: 2059.6458 | Z62: 2016.2417 | AA62: 1985.425 | AB62: 1882.7875 | AC62: 1449.7125 | AD62: 1023.2417 | AE62: 1928.4829 | AF62: 1936.5883 | AG62: 2000.0387 | AH62: 1962.717 | AI62: 1936.7939 | AL62: 1821.9751 | AM62: 182.19751 | AO62: 2004.1726 | AP62: 1639.7776
B63: 59 | C63: Unit 5 EB Incomer | D63: 13578 | E63: 388.47344 | F63: 357.5779 | G63: 402.87992 | H63: 356.37466 | I63: 75.54878 | J63: 369.05 | K63: 378.15937 | L63: 403.90313 | M63: 374.1875 | N63: 370.01875 | O63: 350.30625 | P63: 71.115625 | Q63: 459.55625 | R63: 378.375 | S63: 385.45 | T63: 392.93742 | U63: 409.86258 | V63: 448.82812 | W63: 78.676562 | X63: 342.83281 | Y63: 372.87187 | Z63: 414.44844 | AA63: 407.53906 | AB63: 386.73438 | AC63: 373.02187 | AD63: 69.49375 | AE63: 403.2125 | AF63: 391.0125 | AG63: 426.53735 | AH63: 378.05793 | AI63: 343.54535 | AL63: 347.11578 | AM63: 34.711578 | AO63: 381.82735 | AP63: 312.4042
B64: 60 | C64: Unit 5 DG Incomer | D64: 13579 | E64: 0 | F64: 0 | G64: 0 | H64: 47.970703 | I64: 0 | J64: 0 | K64: 0.73046875 | L64: 0 | M64: 0 | N64: 0 | O64: 0 | P64: 0 | Q64: 0 | R64: 0 | S64: 0.41796875 | T64: 1.2167969 | U64: 0 | V64: 0 | W64: 0 | X64: 2.0996094 | Y64: 0 | Z64: 0 | AA64: 0 | AB64: 19.181641 | AC64: 0 | AD64: 2.2324219 | AE64: 4.6113281 | AF64: 2.4335938 | AG64: 0 | AH64: 0.0703125 | AI64: 0 | AL64: 8.0964844 | AM64: 0.80964844 | AO64: 8.9061328 | AP64: 7.2868359
B65: 61 | C65: 90KW Solar (Above LT Room) | D65: 14181 | E65: 0 | F65: 0 | G65: 0 | H65: 0 | I65: 0 | J65: 0 | K65: 0 | L65: 0 | M65: 0 | N65: 0 | O65: 0 | P65: 0 | Q65: 0 | R65: 0 | S65: 0 | T65: 0 | U65: 0 | V65: 0 | W65: 0 | X65: 0 | Y65: 0 | Z65: 0 | AA65: 0 | AB65: 0 | AC65: 0 | AD65: 0 | AE65: 0 | AF65: 0 | AG65: 0 | AH65: 0 | AI65: 0 | AL65: 0 | AM65: 0 | AO65: 0 | AP65: 0
B66: 62 | C66: 120Kw Solar kit( chiller area 3to6) | D66: 23137 | E66: 453.76 | F66: 588.224 | G66: 456.512 | H66: 406.592 | I66: 697.472 | J66: 658.304 | K66: 516.672 | L66: 463.808 | M66: 511.872 | N66: 505.664 | O66: 657.6 | P66: 840.576 | Q66: 842.944 | R66: 861.568 | S66: 852.8 | T66: 682.048 | U66: 558.72 | V66: 530.28058 | W66: 581.10996 | X66: 654.31663 | Y66: 513.64825 | Z66: 469.27613 | AA66: 743.01375 | AB66: 678.06175 | AC66: 702.11325 | AD66: 550.598 | AE66: 424.1395 | AF66: 495.945 | AG66: 479.849 | AH66: 479.916 | AI66: 476.755 | AL66: 591.42448 | AM66: 59.142448 | AO66: 650.56692 | AP66: 532.28203
B67: 63 | C67: 40 kW Solar (PECVD Pump Room) | D67: 22957 | E67: 24.46625 | F67: 31.206125 | G67: 23.747 | H67: 22.218875 | I67: 40.350625 | J67: 35.047875 | K67: 29.132375 | L67: 24.984125 | M67: 27.774875 | N67: 27.260375 | O67: 33.57375 | P67: 42.81125 | Q67: 42.051875 | R67: 40.0535 | S67: 43.46775 | T67: 33.50325 | U67: 30.0785 | V67: 28.041 | W67: 28.77475 | X67: 34.953 | Y67: 28.54325 | Z67: 25.234 | AA67: 38.91925 | AB67: 34.77975 | AC67: 36.168 | AD67: 29.395 | AE67: 22.61425 | AF67: 27.02075 | AG67: 25.27175 | AH67: 26.35675 | AI67: 25.51125 | AL67: 31.074552 | AM67: 3.1074552 | AO67: 34.182008 | AP67: 27.967097
B68: 64 | C68: 40KW Solar ( Above ATS) | D68: 11878 | E68: 338.8125 | F68: 398.9375 | G68: 322.15625 | H68: 305.8125 | I68: 460.75 | J68: 442 | K68: 354.375 | L68: 348.5625 | M68: 378.40625 | N68: 379.59375 | O68: 450.84375 | P68: 576 | Q68: 578.5 | R68: 605.6875 | S68: 595.5625 | T68: 494.625 | U68: 407.03125 | V68: 394.46875 | W68: 338.15625 | X68: 285.09375 | Y68: 240.5625 | Z68: 205.65625 | AA68: 272.15625 | AB68: 301.34375 | AC68: 308.46875 | AD68: 254.03125 | AE68: 199.46875 | AF68: 230.84375 | AG68: 224.53125 | AH68: 221.4375 | AI68: 214.78125 | AL68: 358.98891 | AM68: 35.898891 | AO68: 394.8878 | AP68: 323.09002
B69: 65 | C69: ETP-2(Wipro) | D69: 35159 | E69: 152.5 | F69: 156.4375 | G69: 150.625 | H69: 177.1875 | I69: 136.75 | J69: 305.03958 | K69: 140.96042 | L69: 303.30417 | M69: 292.63333 | N69: 248.875 | O69: 256.5 | P69: 238 | Q69: 232.3125 | R69: 285.8125 | S69: 215 | T69: 210.5 | U69: 148.625 | V69: 290.6875 | W69: 262.875 | X69: 242.25 | Y69: 195.5625 | Z69: 302.375 | AA69: 235.8125 | AB69: 123.625 | AC69: 325.875 | AD69: 310.375 | AE69: 189.4375 | AF69: 298.6875 | AG69: 197.875 | AH69: 213.6875 | AI69: 161.1875 | AL69: 225.85081 | AM69: 22.585081 | AO69: 248.43589 | AP69: 203.26573
B70: 66 | C70: Outgoing To ETP-1 | D70: 35156 | E70: 0.35572446 | F70: 0.22639239 | G70: 0.32961141 | H70: 0.32942935 | I70: 0.39811957 | J70: 0.41518855 | K70: 0.3999412 | L70: 0.42261525 | M70: 0.38886097 | N70: 0.47319565 | O70: 0.36000991 | P70: 0.40166808 | Q70: 0.46380299 | R70: 0.43652838 | S70: 0.40291184 | T70: 0.32449194 | U70: 0.36788306 | V70: 0.42321196 | W70: 0.42772418 | X70: 0.40831997 | Y70: 0.45124389 | Z70: 0.43707337 | AA70: 0.39436413 | AB70: 0.44942137 | AC70: 0.49317137 | AD70: 0.47465726 | AE70: 0.4189496 | AF70: 0.4831754 | AG70: 0.40086685 | AH70: 0.43701698 | AI70: 0.36939641 | AL70: 0.40532154 | AM70: 0.040532154 | AO70: 0.44585369 | AP70: 0.36478939
B71: 67 | C71: Outgoing To CDA 6,7,8 | D71: 35157 | E71: 570.81522 | F71: 1930.0217 | G71: 4304.2609 | H71: 4641.8152 | I71: 4692.337 | J71: 4673.4684 | K71: 4656.2598 | L71: 3187.8477 | M71: 2692.924 | N71: 3884.8913 | O71: 4673.4857 | P71: 4672.6338 | Q71: 3086.1848 | R71: 2618.8696 | S71: 2306 | T71: 2306 | U71: 2324 | V71: 1982.4783 | W71: 2318.0217 | X71: 2339.6196 | Y71: 2340.203 | Z71: 2328.129 | AA71: 2343.5484 | AB71: 3630.0968 | AC71: 4615.0753 | AD71: 4693.0888 | AE71: 2109.7499 | AF71: 944.89142 | AG71: 2330.9674 | AH71: 1559.8913 | AI71: 2389.9058 | AL71: 3004.7575 | AM71: 300.47575 | AO71: 3305.2332 | AP71: 2704.2817
B72: 68 | C72: 110KW Solar (Above LT Room) | D72: 14181 | E72: 0 | F72: 0 | G72: 0 | H72: 0 | I72: 0 | J72: 0 | K72: 0 | L72: 0 | M72: 0 | N72: 0 | O72: 0 | P72: 0 | Q72: 0 | R72: 0 | S72: 0 | T72: 0 | U72: 0 | V72: 0 | W72: 0 | X72: 0 | Y72: 0 | Z72: 0 | AA72: 0 | AB72: 0 | AC72: 0 | AD72: 0 | AE72: 0 | AF72: 0 | AG72: 0 | AH72: 0 | AI72: 0 | AL72: 0 | AM72: 0 | AO72: 0 | AP72: 0
B73: 69 | C73: Outgoing To CELL Line SMSB-3 | D73: 35155 | E73: 2.6925835 | F73: 2.2018839 | G73: 3.015538 | H73: 2.8155598 | I73: 3.4010217 | J73: 3.3005556 | K73: 3.2980694 | L73: 3.4226672 | M73: 3.5771861 | N73: 3.578587 | O73: 3.2061786 | P73: 3.3115171 | Q73: 3.3712391 | R73: 3.5121739 | S73: 3.1158871 | T73: 2.8724409 | U73: 3.1313656 | V73: 3.2864804 | W73: 3.5589457 | X73: 3.1776902 | Y73: 3.3186042 | Z73: 3.5395806 | AA73: 3.4751249 | AB73: 3.5070363 | AC73: 3.5550054 | AD73: 3.5463931 | AE73: 3.4718327 | AF73: 3.5754839 | AG73: 3.2111942 | AH73: 3.1237011 | AI73: 3.0314595 | AL73: 3.2646125 | AM73: 0.32646125 | AO73: 3.5910737 | AP73: 2.9381512
B74: 70 | C74: CELL HEXA Line SMSB-2 | D74: 35154 | E74: 0.39216033 | F74: 0.45582337 | G74: 0.53119973 | H74: 0.55422283 | I74: 0.66647418 | J74: 0.76385785 | K74: 0.72092204 | L74: 0.801375 | M74: 0.86125272 | N74: 0.85594837 | O74: 0.65036413 | P74: 0.70714946 | Q74: 0.74626382 | R74: 0.74553226 | S74: 0.64277554 | T74: 0.48822312 | U74: 0.60968414 | V74: 0.6816271 | W74: 0.83305435 | X74: 0.71075 | Y74: 0.7588293 | Z74: 0.84420565 | AA74: 0.77680745 | AB74: 0.8443525 | AC74: 0.85045027 | AD74: 0.83269723 | AE74: 0.7530568 | AF74: 0.79523387 | AG74: 0.68973107 | AH74: 0.70534824 | AI74: 0.56628763 | AL74: 0.70437614 | AM74: 0.070437614 | AO74: 0.77481375 | AP74: 0.63393853
B75: 71 | C75: Outgoing To HEXA CELL Line SMSB-1 | D75: 35160 | E75: 3626.1667 | F75: 2909.4083 | G75: 3661.825 | H75: 3646.5 | I75: 4054.7 | J75: 4081.45 | K75: 4122.7 | L75: 4355.5369 | M75: 4399.3381 | N75: 4428.6667 | O75: 3991.5473 | P75: 4149.4277 | Q75: 4076.2333 | R75: 4275.6667 | S75: 3930.3833 | T75: 3662.3167 | U75: 3860.6333 | V75: 4054 | W75: 4394.1 | X75: 4108.7 | Y75: 4150.4333 | Z75: 4417.2667 | AA75: 4265.0833 | AB75: 4342.9167 | AC75: 4425.0667 | AD75: 4319.6583 | AE75: 4242.0083 | AF75: 4416.725 | AG75: 4124.8159 | AH75: 3949.8815 | AI75: 3838.2609 | AL75: 4073.5941 | AM75: 407.35941 | AO75: 4480.9535 | AP75: 3666.2347
B76: 72 | C76: 11KV DG, Cummins-7 | D76: 37850 | E76: 0 | F76: 0.128 | G76: 0 | H76: 0 | I76: 0 | J76: 0.128 | K76: 0 | L76: 0 | M76: 0.128 | N76: 0 | O76: 0 | P76: 0 | Q76: 0.064 | R76: 0 | S76: 0 | T76: 0.096 | U76: 0 | V76: 3522.944 | W76: 0 | X76: 0.096 | Y76: 0 | Z76: 0 | AA76: 0.16 | AB76: 0 | AC76: 100.384 | AD76: 0 | AE76: 0.064 | AF76: 0 | AG76: 0 | AH76: 0.096 | AI76: 0 | AL76: 329.48073 | AM76: 32.948073 | AO76: 362.4288 | AP76: 296.53265
B77: 73 | C77: Outgoing To CELL Line SMSB-3 | D77: 35155 | E77: 2.6925835 | F77: 2.2018839 | G77: 3.015538 | H77: 2.8155598 | I77: 3.4010217 | J77: 3.3005556 | K77: 3.2980694 | L77: 3.4226672 | M77: 3.5771861 | N77: 3.578587 | O77: 3.2061786 | P77: 3.3115171 | Q77: 3.3712391 | R77: 3.5121739 | S77: 3.1158871 | T77: 2.8724409 | U77: 3.1313656 | V77: 3.2864804 | W77: 3.5589457 | X77: 3.1776902 | Y77: 3.3186042 | Z77: 3.5395806 | AA77: 3.4751249 | AB77: 3.5070363 | AC77: 3.5550054 | AD77: 3.5463931 | AE77: 3.4718327 | AF77: 3.5754839 | AG77: 3.2111942 | AH77: 3.1237011 | AI77: 3.0314595 | AL77: 3.2646125 | AM77: 0.32646125 | AO77: 3.5910737 | AP77: 2.9381512
B78: 74 | C78: Outgoing To CDA 6,7,8 | D78: 35157 | E78: 570.81522 | F78: 1930.0217 | G78: 4304.2609 | H78: 4641.8152 | I78: 4692.337 | J78: 4673.4684 | K78: 4656.2598 | L78: 3187.8477 | M78: 2692.924 | N78: 3884.8913 | O78: 4673.4857 | P78: 4672.6338 | Q78: 3086.1848 | R78: 2618.8696 | S78: 2306 | T78: 2306 | U78: 2324 | V78: 1982.4783 | W78: 2318.0217 | X78: 2339.6196 | Y78: 2340.203 | Z78: 2328.129 | AA78: 2343.5484 | AB78: 3630.0968 | AC78: 4615.0753 | AD78: 4693.0888 | AE78: 2109.7499 | AF78: 944.89142 | AG78: 2330.9674 | AH78: 1559.8913 | AI78: 2389.9058 | AL78: 3004.7575 | AM78: 300.47575 | AO78: 3305.2332 | AP78: 2704.2817

Sheet Sheet1
A1: 1016 | B1: Tata Power Solar Systems Ltd. | C1: 11902 | D1: MV - 2 UPS 3-400KVA Cell 2 | E1: M28 | F1: 8175657f#1 | G1: TRUE | H1: FALSE | I1: tata_Solar | J1: TPREL | K1: Bangalore | L1: mahadeva.prasad@tatapower.com | M1: 9900283898 | N1: kWh, kW, VOLTAGE (LN), CURRENT, FREQUENCY, Power Factor, KVAR, KVA, KVA (R PHASE), KVA (Y PHASE), KVA (B PHASE), VOLTAGE (LL), VOLTAGE (LL RY Phase), VOLTAGE (LL YB Phase), VOLTAGE (LL BR Phase), VOLTAGE (LN R Phase), VOLTAGE (LN Y PHASE), VOLTAGE (LN B PHASE), CURRENT (R PHASE), CURRENT (Y PHASE), CURRENT (B PHASE), KVAh, VOLTAGE THD (R PHASE), VOLTAGE THD (Y PHASE), VOLTAGE THD (B PHASE), CURRENT THD (R PHASE), CURRENT THD (Y PHASE), CURRENT THD (B PHASE), KVARh (INDUCTIVE RECEIVED), KVARh (CAPACITIVE RECEIVED), MAXIMUM DEMAND, KW (R PHASE), KW (Y PHASE), KW (B PHASE), KVAR (R PHASE), KVAR (Y PHASE), KVAR (B PHASE), KWh (DELIVERED), KVAh (DELIVERED), KVARh (INDUCTIVE DELIVERED), KVARh (CAPACITIVE DELIVERED), VOLTAGE THD, CURRENT THD, POWER FACTOR (R PHASE), POWER FACTOR (Y PHASE), POWER FACTOR (B PHASE), RISING DEMAND, PRESENT DEMAND, ON HOURS, INTERRUPTIONS, Total KWh data, Run Hours Import, Run Hours Export, RAW Power Factor, RAW POWER FACTOR (R PHASE), RAW POWER FACTOR (Y PHASE), RAW POWER FACTOR (B PHASE), Unit Operating Hours, Health Indicator, Scope 1 Emission
A2: 1016 | B2: Tata Power Solar Systems Ltd. | C2: 12181 | D2: MV-2 SMSB | E2: M652 | F2: 8175657f#4 | G2: FALSE | H2: FALSE | I2: tata_Solar | J2: TPREL | K2: Bangalore | L2: mahadeva.prasad@tatapower.com | M2: 9900283898 | N2: kWh, kW, VOLTAGE (LN), CURRENT, FREQUENCY, Power Factor, KVAR, KVA, KVA (R PHASE), KVA (Y PHASE), KVA (B PHASE), VOLTAGE (LL), VOLTAGE (LL RY Phase), VOLTAGE (LL YB Phase), VOLTAGE (LL BR Phase), VOLTAGE (LN R Phase), VOLTAGE (LN Y PHASE), VOLTAGE (LN B PHASE), CURRENT (R PHASE), CURRENT (Y PHASE), CURRENT (B PHASE), KVAh, VOLTAGE THD (R PHASE), VOLTAGE THD (Y PHASE), VOLTAGE THD (B PHASE), CURRENT THD (R PHASE), CURRENT THD (Y PHASE), CURRENT THD (B PHASE), KW (R PHASE), KW (Y PHASE), KW (B PHASE), KVAR (R PHASE), KVAR (Y PHASE), KVAR (B PHASE), KWh (DELIVERED), KVAh (DELIVERED), VOLTAGE THD, POWER FACTOR (R PHASE), POWER FACTOR (Y PHASE), POWER FACTOR (B PHASE), CURRENT (NEUTRAL), LAST DEMAND kW, PRESENT DEMAND kW, PREDICTED DEMAND kW, PEAK DEMAND kW, LAST DEMAND kVA, PRESENT DEMAND kVA, PREDICTED DEMAND kVA, PEAK DEMAND kVA, WH DEL + REC, WH DEL - REC, VARH DEL, VARH REC, VARH DEL + REC, VARH DEL - REC, VAH DEL + REC, VAH DEL - REC, Voltage Unbal R Phase, Voltage Unbal Y Phase, Voltage Unbal B Phase, Current Unbal R Phase, Current Unbal Y Phase, Current Unbal B Phase, Pre_Demand_KVAr, Demand_KVAr, Total KWh data, Voltage Unbalance A-B, Voltage Unbalance B-C, Voltage Unbalance C-A, Last Demand(KVAr), Peak Demand(KVAr), Last Demand (A Avg), Present Demand(A Avg), Predicted Demand(A Avg), Peak Demand(A Avg), Total KWH, kWh Total, Total kw, Scope 2 Emission
A3: 1016 | B3: Tata Power Solar Systems Ltd. | C3: 11904 | D3: MV - 2 Raw Power | E3: M28 | F3: 8175657f#3 | G3: TRUE | H3: FALSE | I3: tata_Solar | J3: TPREL | K3: Bangalore | L3: mahadeva.prasad@tatapower.com | M3: 9900283898 | N3: kWh, kW, VOLTAGE (LN), CURRENT, FREQUENCY, Power Factor, KVAR, KVA, KVA (R PHASE), KVA (Y PHASE), KVA (B PHASE), VOLTAGE (LL), VOLTAGE (LL RY Phase), VOLTAGE (LL YB Phase), VOLTAGE (LL BR Phase), VOLTAGE (LN R Phase), VOLTAGE (LN Y PHASE), VOLTAGE (LN B PHASE), CURRENT (R PHASE), CURRENT (Y PHASE), CURRENT (B PHASE), KVAh, VOLTAGE THD (R PHASE), VOLTAGE THD (Y PHASE), VOLTAGE THD (B PHASE), CURRENT THD (R PHASE), CURRENT THD (Y PHASE), CURRENT THD (B PHASE), KVARh (INDUCTIVE RECEIVED), KVARh (CAPACITIVE RECEIVED), MAXIMUM DEMAND, KW (R PHASE), KW (Y PHASE), KW (B PHASE), KVAR (R PHASE), KVAR (Y PHASE), KVAR (B PHASE), KWh (DELIVERED), KVAh (DELIVERED), KVARh (INDUCTIVE DELIVERED), KVARh (CAPACITIVE DELIVERED), VOLTAGE THD, CURRENT THD, POWER FACTOR (R PHASE), POWER FACTOR (Y PHASE), POWER FACTOR (B PHASE), RISING DEMAND, PRESENT DEMAND, ON HOURS, INTERRUPTIONS, Total KWh data, Run Hours Import, Run Hours Export, RAW Power Factor, RAW POWER FACTOR (R PHASE), RAW POWER FACTOR (Y PHASE), RAW POWER FACTOR (B PHASE), Unit Operating Hours, Health Indicator, Scope 1 Emission
A4: 1016 | B4: Tata Power Solar Systems Ltd. | C4: 11903 | D4: MV - 2 Lighting-AC-AC LTG | E4: M142 | F4: 8175657f#2 | G4: TRUE | H4: FALSE | I4: tata_Solar | J4: TPREL | K4: Bangalore | L4: mahadeva.prasad@tatapower.com | M4: 9900283898 | N4: Current Imbalance, Voltage Imbalance, Chiller_COP, kWh, kW, VOLTAGE (LN), CURRENT, FREQUENCY, Power Factor, KVAR, KVA, KVA (R PHASE), KVA (Y PHASE), KVA (B PHASE), VOLTAGE (LL), VOLTAGE (LL RY Phase), VOLTAGE (LL YB Phase), VOLTAGE (LL BR Phase), VOLTAGE (LN R Phase), VOLTAGE (LN Y PHASE), VOLTAGE (LN B PHASE), CURRENT (R PHASE), CURRENT (Y PHASE), CURRENT (B PHASE), KVAh, VOLTAGE THD (R PHASE), VOLTAGE THD (Y PHASE), VOLTAGE THD (B PHASE), CURRENT THD (R PHASE), CURRENT THD (Y PHASE), CURRENT THD (B PHASE), KW (R PHASE), KW (Y PHASE), KW (B PHASE), KVAR (R PHASE), KVAR (Y PHASE), KVAR (B PHASE), KWh (DELIVERED), KVAh (DELIVERED), VOLTAGE THD, CURRENT THD, POWER FACTOR (R PHASE), POWER FACTOR (Y PHASE), POWER FACTOR (B PHASE), CURRENT (NEUTRAL), LAST DEMAND kW, PRESENT DEMAND kW, PREDICTED DEMAND kW, PEAK DEMAND kW, LAST DEMAND kVA, PRESENT DEMAND kVA, PREDICTED DEMAND kVA, PEAK DEMAND kVA, WH DEL + REC, WH DEL - REC, VARH DEL, VARH REC, VARH DEL + REC, VARH DEL - REC, VAH DEL + REC, VAH DEL - REC, Voltage Unbal R Phase, Voltage Unbal Y Phase, Voltage Unbal B Phase, Current Unbal R Phase, Current Unbal Y Phase, Current Unbal B Phase, Pre_Demand_KVAr, Demand_KVAr, Total KWh data, Voltage Unbalance A-B, Voltage Unbalance B-C, Voltage Unbalance C-A, Last Demand(KVAr), Peak Demand(KVAr), Last Demand (A Avg), Present Demand(A Avg), Predicted Demand(A Avg), Peak Demand(A Avg), MD KVA, Total KWH, kWh Total, Total kw, Total_kWh_Data, kWh Total Value, Voltage Imbalance NEMA, Current Imbalance-I/P, V_Y_Ang_cal, V_B_Ang_cal, Angle_Y, Angle_B, V_R_B_Diff, V_R_Y_Diff, V_B_Y_Diff, I_R_B_Diff, I_R_Y_Diff, I_B_Y_Diff, PF_R_B_Diff, PF_R_Y_Diff, PF_B_Y_Diff, COP, Loading%, Scope 2, Total KW, Total chiller kW/TR, Avg Line_Current, IKW/TR comp
A5: 1016 | B5: Tata Power Solar Systems Ltd. | C5: 14012 | D5: UPW Raw Water In Flow Meter | E5: M191 | F5: 862952027124923#2 | G5: TRUE | H5: FALSE | I5: tata_Solar | J5: TPREL | K5: Bangalore | L5: mahadeva.prasad@tatapower.com | M5: 9900283898 | N5: Flow Rate(m3/hr), Reverse Flow Totaliser, Volume (m3/h), Totaliser(m3)
A6: 1016 | B6: Tata Power Solar Systems Ltd. | C6: 35157 | D6: Outgoing To CDA 6,7,8 | E6: M142 | F6: 864524076934649#8 | G6: TRUE | H6: FALSE | I6: tata_Solar | J6: TPREL | K6: Bangalore | L6: mahadeva.prasad@tatapower.com | M6: 9900283898 | N6: Current Imbalance, Voltage Imbalance, Chiller_COP, kWh, kW, VOLTAGE (LN), CURRENT, FREQUENCY, Power Factor, KVAR, KVA, KVA (R PHASE), KVA (Y PHASE), KVA (B PHASE), VOLTAGE (LL), VOLTAGE (LL RY Phase), VOLTAGE (LL YB Phase), VOLTAGE (LL BR Phase), VOLTAGE (LN R Phase), VOLTAGE (LN Y PHASE), VOLTAGE (LN B PHASE), CURRENT (R PHASE), CURRENT (Y PHASE), CURRENT (B PHASE), KVAh, VOLTAGE THD (R PHASE), VOLTAGE THD (Y PHASE), VOLTAGE THD (B PHASE), CURRENT THD (R PHASE), CURRENT THD (Y PHASE), CURRENT THD (B PHASE), KW (R PHASE), KW (Y PHASE), KW (B PHASE), KVAR (R PHASE), KVAR (Y PHASE), KVAR (B PHASE), KWh (DELIVERED), KVAh (DELIVERED), VOLTAGE THD, CURRENT THD, POWER FACTOR (R PHASE), POWER FACTOR (Y PHASE), POWER FACTOR (B PHASE), CURRENT (NEUTRAL), LAST DEMAND kW, PRESENT DEMAND kW, PREDICTED DEMAND kW, PEAK DEMAND kW, LAST DEMAND kVA, PRESENT DEMAND kVA, PREDICTED DEMAND kVA, PEAK DEMAND kVA, WH DEL + REC, WH DEL - REC, VARH DEL, VARH REC, VARH DEL + REC, VARH DEL - REC, VAH DEL + REC, VAH DEL - REC, Voltage Unbal R Phase, Voltage Unbal Y Phase, Voltage Unbal B Phase, Current Unbal R Phase, Current Unbal Y Phase, Current Unbal B Phase, Pre_Demand_KVAr, Demand_KVAr, Total KWh data, Voltage Unbalance A-B, Voltage Unbalance B-C, Voltage Unbalance C-A, Last Demand(KVAr), Peak Demand(KVAr), Last Demand (A Avg), Present Demand(A Avg), Predicted Demand(A Avg), Peak Demand(A Avg), MD KVA, Total KWH, kWh Total, Total kw, Total_kWh_Data, kWh Total Value, Voltage Imbalance NEMA, Current Imbalance-I/P, V_Y_Ang_cal, V_B_Ang_cal, Angle_Y, Angle_B, V_R_B_Diff, V_R_Y_Diff, V_B_Y_Diff, I_R_B_Diff, I_R_Y_Diff, I_B_Y_Diff, PF_R_B_Diff, PF_R_Y_Diff, PF_B_Y_Diff, COP, Loading%, Scope 2, Total KW, Total chiller kW/TR, Avg Line_Current, IKW/TR comp
A7: 1016 | B7: Tata Power Solar Systems Ltd. | C7: 12443 | D7: MV -1 SSB 2 | E7: M142 | F7: 868728038935125#3 | G7: TRUE | H7: FALSE | I7: tata_Solar | J7: TPREL | K7: Bangalore | L7: mahadeva.prasad@tatapower.com | M7: 9900283898 | N7: Current Imbalance, Voltage Imbalance, Chiller_COP, kWh, kW, VOLTAGE (LN), CURRENT, FREQUENCY, Power Factor, KVAR, KVA, KVA (R PHASE), KVA (Y PHASE), KVA (B PHASE), VOLTAGE (LL), VOLTAGE (LL RY Phase), VOLTAGE (LL YB Phase), VOLTAGE (LL BR Phase), VOLTAGE (LN R Phase), VOLTAGE (LN Y PHASE), VOLTAGE (LN B PHASE), CURRENT (R PHASE), CURRENT (Y PHASE), CURRENT (B PHASE), KVAh, VOLTAGE THD (R PHASE), VOLTAGE THD (Y PHASE), VOLTAGE THD (B PHASE), CURRENT THD (R PHASE), CURRENT THD (Y PHASE), CURRENT THD (B PHASE), KW (R PHASE), KW (Y PHASE), KW (B PHASE), KVAR (R PHASE), KVAR (Y PHASE), KVAR (B PHASE), KWh (DELIVERED), KVAh (DELIVERED), VOLTAGE THD, CURRENT THD, POWER FACTOR (R PHASE), POWER FACTOR (Y PHASE), POWER FACTOR (B PHASE), CURRENT (NEUTRAL), LAST DEMAND kW, PRESENT DEMAND kW, PREDICTED DEMAND kW, PEAK DEMAND kW, LAST DEMAND kVA, PRESENT DEMAND kVA, PREDICTED DEMAND kVA, PEAK DEMAND kVA, WH DEL + REC, WH DEL - REC, VARH DEL, VARH REC, VARH DEL + REC, VARH DEL - REC, VAH DEL + REC, VAH DEL - REC, Voltage Unbal R Phase, Voltage Unbal Y Phase, Voltage Unbal B Phase, Current Unbal R Phase, Current Unbal Y Phase, Current Unbal B Phase, Pre_Demand_KVAr, Demand_KVAr, Total KWh data, Voltage Unbalance A-B, Voltage Unbalance B-C, Voltage Unbalance C-A, Last Demand(KVAr), Peak Demand(KVAr), Last Demand (A Avg), Present Demand(A Avg), Predicted Demand(A Avg), Peak Demand(A Avg), MD KVA, Total KWH, kWh Total, Total kw, Total_kWh_Data, kWh Total Value, Voltage Imbalance NEMA, Current Imbalance-I/P, V_Y_Ang_cal, V_B_Ang_cal, Angle_Y, Angle_B, V_R_B_Diff, V_R_Y_Diff, V_B_Y_Diff, I_R_B_Diff, I_R_Y_Diff, I_B_Y_Diff, PF_R_B_Diff, PF_R_Y_Diff, PF_B_Y_Diff, COP, Loading%, Scope 2, Total KW, Total chiller kW/TR, Avg Line_Current, IKW/TR comp
A8: 1016 | B8: Tata Power Solar Systems Ltd. | C8: 34147 | D8: Vega Post Lamp Cooling Chamber | E8: M314 | F8: 868404044681497#3 | G8: TRUE | H8: FALSE | I8: tata_Solar | J8: TPREL | K8: Bangalore | L8: mahadeva.prasad@tatapower.com | M8: 9900283898 | N8: Temperature, Humidity, Dewpoint(Â°C)
A9: 1016 | B9: Tata Power Solar Systems Ltd. | C9: 49120 | D9: ETP RO Permeate | E9: M206 | F9: 862952027124923#5 | G9: TRUE | H9: FALSE | I9: tata_Solar | J9: TPREL | K9: Bangalore | L9: mahadeva.prasad@tatapower.com | M9: 9900283898 | N9: Flow Rate(m3/hr), Totaliser(m3)
A10: 1016 | B10: Tata Power Solar Systems Ltd. | C10: 11907 | D10: Module UPS2 | E10: M28 | F10: 862952027076446#2 | G10: TRUE | H10: FALSE | I10: tata_Solar | J10: TPREL | K10: Bangalore | L10: mahadeva.prasad@tatapower.com | M10: 9900283898 | N10: kWh, kW, VOLTAGE (LN), CURRENT, FREQUENCY, Power Factor, KVAR, KVA, KVA (R PHASE), KVA (Y PHASE), KVA (B PHASE), VOLTAGE (LL), VOLTAGE (LL RY Phase), VOLTAGE (LL YB Phase), VOLTAGE (LL BR Phase), VOLTAGE (LN R Phase), VOLTAGE (LN Y PHASE), VOLTAGE (LN B PHASE), CURRENT (R PHASE), CURRENT (Y PHASE), CURRENT (B PHASE), KVAh, VOLTAGE THD (R PHASE), VOLTAGE THD (Y PHASE), VOLTAGE THD (B PHASE), CURRENT THD (R PHASE), CURRENT THD (Y PHASE), CURRENT THD (B PHASE), KVARh (INDUCTIVE RECEIVED), KVARh (CAPACITIVE RECEIVED), MAXIMUM DEMAND, KW (R PHASE), KW (Y PHASE), KW (B PHASE), KVAR (R PHASE), KVAR (Y PHASE), KVAR (B PHASE), KWh (DELIVERED), KVAh (DELIVERED), KVARh (INDUCTIVE DELIVERED), KVARh (CAPACITIVE DELIVERED), VOLTAGE THD, CURRENT THD, POWER FACTOR (R PHASE), POWER FACTOR (Y PHASE), POWER FACTOR (B PHASE), RISING DEMAND, PRESENT DEMAND, ON HOURS, INTERRUPTIONS, Total KWh data, Run Hours Import, Run Hours Export, RAW Power Factor, RAW POWER FACTOR (R PHASE), RAW POWER FACTOR (Y PHASE), RAW POWER FACTOR (B PHASE), Unit Operating Hours, Health Indicator, Scope 1 Emission
A11: 1016 | B11: Tata Power Solar Systems Ltd. | C11: 11883 | D11: Kaeser Compressor New Oil Free | E11: M142 | F11: 864524076934649#1 | G11: TRUE | H11: FALSE | I11: tata_Solar | J11: TPREL | K11: Bangalore | L11: mahadeva.prasad@tatapower.com | M11: 9900283898 | N11: Current Imbalance, Voltage Imbalance, Chiller_COP, kWh, kW, VOLTAGE (LN), CURRENT, FREQUENCY, Power Factor, KVAR, KVA, KVA (R PHASE), KVA (Y PHASE), KVA (B PHASE), VOLTAGE (LL), VOLTAGE (LL RY Phase), VOLTAGE (LL YB Phase), VOLTAGE (LL BR Phase), VOLTAGE (LN R Phase), VOLTAGE (LN Y PHASE), VOLTAGE (LN B PHASE), CURRENT (R PHASE), CURRENT (Y PHASE), CURRENT (B PHASE), KVAh, VOLTAGE THD (R PHASE), VOLTAGE THD (Y PHASE), VOLTAGE THD (B PHASE), CURRENT THD (R PHASE), CURRENT THD (Y PHASE), CURRENT THD (B PHASE), KW (R PHASE), KW (Y PHASE), KW (B PHASE), KVAR (R PHASE), KVAR (Y PHASE), KVAR (B PHASE), KWh (DELIVERED), KVAh (DELIVERED), VOLTAGE THD, CURRENT THD, POWER FACTOR (R PHASE), POWER FACTOR (Y PHASE), POWER FACTOR (B PHASE), CURRENT (NEUTRAL), LAST DEMAND kW, PRESENT DEMAND kW, PREDICTED DEMAND kW, PEAK DEMAND kW, LAST DEMAND kVA, PRESENT DEMAND kVA, PREDICTED DEMAND kVA, PEAK DEMAND kVA, WH DEL + REC, WH DEL - REC, VARH DEL, VARH REC, VARH DEL + REC, VARH DEL - REC, VAH DEL + REC, VAH DEL - REC, Voltage Unbal R Phase, Voltage Unbal Y Phase, Voltage Unbal B Phase, Current Unbal R Phase, Current Unbal Y Phase, Current Unbal B Phase, Pre_Demand_KVAr, Demand_KVAr, Total KWh data, Voltage Unbalance A-B, Voltage Unbalance B-C, Voltage Unbalance C-A, Last Demand(KVAr), Peak Demand(KVAr), Last Demand (A Avg), Present Demand(A Avg), Predicted Demand(A Avg), Peak Demand(A Avg), MD KVA, Total KWH, kWh Total, Total kw, Total_kWh_Data, kWh Total Value, Voltage Imbalance NEMA, Current Imbalance-I/P, V_Y_Ang_cal, V_B_Ang_cal, Angle_Y, Angle_B, V_R_B_Diff, V_R_Y_Diff, V_B_Y_Diff, I_R_B_Diff, I_R_Y_Diff, I_B_Y_Diff, PF_R_B_Diff, PF_R_Y_Diff, PF_B_Y_Diff, COP, Loading%, Scope 2, Total KW, Total chiller kW/TR, Avg Line_Current, IKW/TR comp
A12: 1016 | B12: Tata Power Solar Systems Ltd. | C12: 35154 | D12: CELL HEXA Line SMSB-2 | E12: M142 | F12: 864524076934649#5 | G12: TRUE | H12: FALSE | I12: tata_Solar | J12: TPREL | K12: Bangalore | L12: mahadeva.prasad@tatapower.com | M12: 9900283898 | N12: Current Imbalance, Voltage Imbalance, Chiller_COP, kWh, kW, VOLTAGE (LN), CURRENT, FREQUENCY, Power Factor, KVAR, KVA, KVA (R PHASE), KVA (Y PHASE), KVA (B PHASE), VOLTAGE (LL), VOLTAGE (LL RY Phase), VOLTAGE (LL YB Phase), VOLTAGE (LL BR Phase), VOLTAGE (LN R Phase), VOLTAGE (LN Y PHASE), VOLTAGE (LN B PHASE), CURRENT (R PHASE), CURRENT (Y PHASE), CURRENT (B PHASE), KVAh, VOLTAGE THD (R PHASE), VOLTAGE THD (Y PHASE), VOLTAGE THD (B PHASE), CURRENT THD (R PHASE), CURRENT THD (Y PHASE), CURRENT THD (B PHASE), KW (R PHASE), KW (Y PHASE), KW (B PHASE), KVAR (R PHASE), KVAR (Y PHASE), KVAR (B PHASE), KWh (DELIVERED), KVAh (DELIVERED), VOLTAGE THD, CURRENT THD, POWER FACTOR (R PHASE), POWER FACTOR (Y PHASE), POWER FACTOR (B PHASE), CURRENT (NEUTRAL), LAST DEMAND kW, PRESENT DEMAND kW, PREDICTED DEMAND kW, PEAK DEMAND kW, LAST DEMAND kVA, PRESENT DEMAND kVA, PREDICTED DEMAND kVA, PEAK DEMAND kVA, WH DEL + REC, WH DEL - REC, VARH DEL, VARH REC, VARH DEL + REC, VARH DEL - REC, VAH DEL + REC, VAH DEL - REC, Voltage Unbal R Phase, Voltage Unbal Y Phase, Voltage Unbal B Phase, Current Unbal R Phase, Current Unbal Y Phase, Current Unbal B Phase, Pre_Demand_KVAr, Demand_KVAr, Total KWh data, Voltage Unbalance A-B, Voltage Unbalance B-C, Voltage Unbalance C-A, Last Demand(KVAr), Peak Demand(KVAr), Last Demand (A Avg), Present Demand(A Avg), Predicted Demand(A Avg), Peak Demand(A Avg), MD KVA, Total KWH, kWh Total, Total kw, Total_kWh_Data, kWh Total Value, Voltage Imbalance NEMA, Current Imbalance-I/P, V_Y_Ang_cal, V_B_Ang_cal, Angle_Y, Angle_B, V_R_B_Diff, V_R_Y_Diff, V_B_Y_Diff, I_R_B_Diff, I_R_Y_Diff, I_B_Y_Diff, PF_R_B_Diff, PF_R_Y_Diff, PF_B_Y_Diff, COP, Loading%, Scope 2, Total KW, Total chiller kW/TR, Avg Line_Current, IKW/TR comp
... A119: 1016 | B119: Tata Power Solar Systems Ltd. | C119: 59233 | D119: FAD - Modula line | E119: M466 | F119: 862952027093516#1 | G119: TRUE | H119: FALSE | I119: tata_Solar | J119: TPREL | K119: Bangalore | L119: mahadeva.prasad@tatapower.com | M119: 9900283898 | N119: Totaliser(Kg), Flow Rate(Kg/hr)

Sheet Formulas_DG
B3: Sr. No. | C3: Locations | D3: =meta_sheet!A3 -> 46235 | E3: =D3+1 -> 46236 | F3: =E3+1 -> 46237 | G3: =F3+1 -> 46238 | H3: =G3+1 -> 46239 | I3: =H3+1 -> 46240 | J3: =I3+1 -> 46241 | K3: =J3+1 -> 46242 | L3: =K3+1 -> 46243 | ... AH3: =AG3+1 -> 46265
B4: 1 | C4: DG - 1 (825) KVA | D4: ='Formulas_Progressive Report'!D41 -> 0 | E4: ='Formulas_Progressive Report'!E41 -> 0 | F4: ='Formulas_Progressive Report'!F41 -> 0.8 | G4: ='Formulas_Progressive Report'!G41 -> 0 | H4: ='Formulas_Progressive Report'!H41 -> 0 | I4: ='Formulas_Progressive Report'!I41 -> 0 | J4: ='Formulas_Progressive Report'!J41 -> 0 | K4: ='Formulas_Progressive Report'!K41 -> 0 | ... AH4: ='Formulas_Progressive Report'!AH41 -> 0
B5: 2 | C5: DG - 3 (1025) KVA | D5: ='Formulas_Progressive Report'!D43 -> 0 | E5: ='Formulas_Progressive Report'!E43 -> 0 | F5: ='Formulas_Progressive Report'!F43 -> 0.48 | G5: ='Formulas_Progressive Report'!G43 -> 0 | H5: ='Formulas_Progressive Report'!H43 -> 0 | I5: ='Formulas_Progressive Report'!I43 -> 0 | J5: ='Formulas_Progressive Report'!J43 -> 0 | K5: ='Formulas_Progressive Report'!K43 -> 0 | ... AH5: ='Formulas_Progressive Report'!AH43 -> 0
B6: 3 | C6: DG - 4 (1025) KVA | D6: ='Formulas_Progressive Report'!D42 -> 0 | E6: ='Formulas_Progressive Report'!E42 -> 0 | F6: ='Formulas_Progressive Report'!F42 -> 0.832 | G6: ='Formulas_Progressive Report'!G42 -> 0 | H6: ='Formulas_Progressive Report'!H42 -> 0 | I6: ='Formulas_Progressive Report'!I42 -> 0 | J6: ='Formulas_Progressive Report'!J42 -> 0 | K6: ='Formulas_Progressive Report'!K42 -> 0 | ... AH6: ='Formulas_Progressive Report'!AH42 -> 0
B7: 4 | C7: 11KV DG Cummins-4 | D7: ='Formulas_Progressive Report'!D14 -> 0 | E7: ='Formulas_Progressive Report'!E14 -> 0 | F7: ='Formulas_Progressive Report'!F14 -> 0 | G7: ='Formulas_Progressive Report'!G14 -> 0 | H7: ='Formulas_Progressive Report'!H14 -> 0 | I7: ='Formulas_Progressive Report'!I14 -> 0 | J7: ='Formulas_Progressive Report'!J14 -> 0 | K7: ='Formulas_Progressive Report'!K14 -> 0 | ... AH7: ='Formulas_Progressive Report'!AH14 -> 0
B8: 5 | C8: 11KV DG, MTU-5 | D8: ='Formulas_Progressive Report'!D15 -> 0 | E8: ='Formulas_Progressive Report'!E15 -> 0 | F8: ='Formulas_Progressive Report'!F15 -> 0 | G8: ='Formulas_Progressive Report'!G15 -> 0 | H8: ='Formulas_Progressive Report'!H15 -> 0 | I8: ='Formulas_Progressive Report'!I15 -> 0.064 | J8: ='Formulas_Progressive Report'!J15 -> 0 | K8: ='Formulas_Progressive Report'!K15 -> 0 | ... AH8: ='Formulas_Progressive Report'!AH15 -> 0
B9: 6 | C9: 11KV DG, Cummins-6 | D9: ='Formulas_Progressive Report'!D16 -> 0 | E9: ='Formulas_Progressive Report'!E16 -> 0 | F9: ='Formulas_Progressive Report'!F16 -> 0.192 | G9: ='Formulas_Progressive Report'!G16 -> 0 | H9: ='Formulas_Progressive Report'!H16 -> 0 | I9: ='Formulas_Progressive Report'!I16 -> 0.192 | J9: ='Formulas_Progressive Report'!J16 -> 0 | K9: ='Formulas_Progressive Report'!K16 -> 0 | ... AH9: ='Formulas_Progressive Report'!AH16 -> 0
B10: =B9+1 -> 7 | C10: 11KV DG, Cummins-7 | D10: ='Formulas_Progressive Report'!D78 -> 0 | E10: ='Formulas_Progressive Report'!E78 -> 0 | F10: ='Formulas_Progressive Report'!F78 -> 0.192 | G10: ='Formulas_Progressive Report'!G78 -> 0 | H10: ='Formulas_Progressive Report'!H78 -> 0 | I10: ='Formulas_Progressive Report'!I78 -> 0.032 | J10: ='Formulas_Progressive Report'!J78 -> 0 | K10: ='Formulas_Progressive Report'!K78 -> 0 | ... AH10: ='Formulas_Progressive Report'!AH78 -> 0
B11: =B10+1 -> 8 | C11: E & P office DG 1 - 365KVA | D11: ='Formulas_Progressive Report'!D61 -> 0 | E11: ='Formulas_Progressive Report'!E61 -> 207.57812 | F11: ='Formulas_Progressive Report'!F61 -> 0 | G11: ='Formulas_Progressive Report'!G61 -> 0 | H11: ='Formulas_Progressive Report'!H61 -> 36 | I11: ='Formulas_Progressive Report'!I61 -> 0 | J11: ='Formulas_Progressive Report'!J61 -> 0 | K11: ='Formulas_Progressive Report'!K61 -> 81.828125 | ... AH11: ='Formulas_Progressive Report'!AH61 -> 0
B12: =B11+1 -> 9 | C12: E & P office DG 2 - 380KVA | D12: ='Formulas_Progressive Report'!D62 -> 0 | E12: ='Formulas_Progressive Report'!E62 -> 0 | F12: ='Formulas_Progressive Report'!F62 -> 0 | G12: ='Formulas_Progressive Report'!G62 -> 0 | H12: ='Formulas_Progressive Report'!H62 -> 0 | I12: ='Formulas_Progressive Report'!I62 -> 0 | J12: ='Formulas_Progressive Report'!J62 -> 0 | K12: ='Formulas_Progressive Report'!K62 -> 0 | ... AH12: ='Formulas_Progressive Report'!AH62 -> 0
B13: =B12+1 -> 10 | C13: Ware house DG Incomer | D13: ='Formulas_Progressive Report'!D66 -> 0 | E13: ='Formulas_Progressive Report'!E66 -> 0.3515625 | F13: ='Formulas_Progressive Report'!F66 -> 0 | G13: ='Formulas_Progressive Report'!G66 -> 0 | H13: ='Formulas_Progressive Report'!H66 -> 0 | I13: ='Formulas_Progressive Report'!I66 -> 0 | J13: ='Formulas_Progressive Report'!J66 -> 0 | K13: ='Formulas_Progressive Report'!K66 -> 1.7695312 | ... AH13: ='Formulas_Progressive Report'!AH66 -> 0
B14: 10 | C14: Total | D14: =SUM(D4:D13) -> 0 | E14: =SUM(E4:E13) -> 207.92969 | F14: =SUM(F4:F13) -> 2.496 | G14: =SUM(G4:G13) -> 0 | H14: =SUM(H4:H13) -> 36 | I14: =SUM(I4:I13) -> 0.288 | J14: =SUM(J4:J13) -> 0 | K14: =SUM(K4:K13) -> 83.597656 | ... AH14: =SUM(AH4:AH13) -> 0

Sheet Formulas_Departments Summary
B3: Sr. No. | C3: Department | D3: =meta_sheet!A3 -> 46235 | E3: =D3+1 -> 46236 | F3: =E3+1 -> 46237 | G3: =F3+1 -> 46238 | H3: =G3+1 -> 46239 | I3: =H3+1 -> 46240 | J3: =I3+1 -> 46241 | K3: =J3+1 -> 46242 | L3: =K3+1 -> 46243 | ... AH3: =AG3+1 -> 46265
B4: EB | C4: Cell Line Consumption | D4: ='Formulas_Progressive Report'!D7+'Formulas_Progressive Report'!D40-'Formulas_Progressive Report'!D36-'Formulas_Progressive Report'!D60 -> 40229.435 | E4: ='Formulas_Progressive Report'!E7+'Formulas_Progressive Report'!E40-'Formulas_Progressive Report'!E36-'Formulas_Progressive Report'!E60 -> 41271.305 | F4: ='Formulas_Progressive Report'!F7+'Formulas_Progressive Report'!F40-'Formulas_Progressive Report'!F36-'Formulas_Progressive Report'!F60 -> 41625.368 | G4: ='Formulas_Progressive Report'!G7+'Formulas_Progressive Report'!G40-'Formulas_Progressive Report'!G36-'Formulas_Progressive Report'!G60 -> 41470.648 | H4: ='Formulas_Progressive Report'!H7+'Formulas_Progressive Report'!H40-'Formulas_Progressive Report'!H36-'Formulas_Progressive Report'!H60 -> 39925.488 | I4: ='Formulas_Progressive Report'!I7+'Formulas_Progressive Report'!I40-'Formulas_Progressive Report'!I36-'Formulas_Progressive Report'!I60 -> 37067.607 | J4: ='Formulas_Progressive Report'!J7+'Formulas_Progressive Report'!J40-'Formulas_Progressive Report'!J36-'Formulas_Progressive Report'!J60 -> 40602.762 | K4: ='Formulas_Progressive Report'!K7+'Formulas_Progressive Report'!K40-'Formulas_Progressive Report'!K36-'Formulas_Progressive Report'!K60 -> 40674.383 | ... AH4: ='Formulas_Progressive Report'!AH7+'Formulas_Progressive Report'!AH40-'Formulas_Progressive Report'!AH36-'Formulas_Progressive Report'!AH60 -> 0
C5: Module Line Consumption | D5: ='Formulas_Progressive Report'!D39+'Formulas_Progressive Report'!D36+'Formulas_Progressive Report'!D60 -> 3577.9677 | E5: ='Formulas_Progressive Report'!E39+'Formulas_Progressive Report'!E36+'Formulas_Progressive Report'!E60 -> 3535.5215 | F5: ='Formulas_Progressive Report'!F39+'Formulas_Progressive Report'!F36+'Formulas_Progressive Report'!F60 -> 3490.529 | G5: ='Formulas_Progressive Report'!G39+'Formulas_Progressive Report'!G36+'Formulas_Progressive Report'!G60 -> 3360.2506 | H5: ='Formulas_Progressive Report'!H39+'Formulas_Progressive Report'!H36+'Formulas_Progressive Report'!H60 -> 3416.3364 | I5: ='Formulas_Progressive Report'!I39+'Formulas_Progressive Report'!I36+'Formulas_Progressive Report'!I60 -> 3524.7765 | J5: ='Formulas_Progressive Report'!J39+'Formulas_Progressive Report'!J36+'Formulas_Progressive Report'!J60 -> 3594.1022 | K5: ='Formulas_Progressive Report'!K39+'Formulas_Progressive Report'!K36+'Formulas_Progressive Report'!K60 -> 3548.0806 | ... AH5: ='Formulas_Progressive Report'!AH39+'Formulas_Progressive Report'!AH36+'Formulas_Progressive Report'!AH60 -> 0
B6: DG | C6: DG consumption for Cell line | D6: ='Formulas_Progressive Report'!D15+'Formulas_Progressive Report'!D16+'Formulas_Progressive Report'!D41+'Formulas_Progressive Report'!D42+'Formulas_Progressive Report'!D43-'Formulas_Progressive Report'!D48 -> 0 | E6: ='Formulas_Progressive Report'!E15+'Formulas_Progressive Report'!E16+'Formulas_Progressive Report'!E41+'Formulas_Progressive Report'!E42+'Formulas_Progressive Report'!E43-'Formulas_Progressive Report'!E48 -> 0 | F6: ='Formulas_Progressive Report'!F15+'Formulas_Progressive Report'!F16+'Formulas_Progressive Report'!F41+'Formulas_Progressive Report'!F42+'Formulas_Progressive Report'!F43-'Formulas_Progressive Report'!F48 -> 2.304 | G6: ='Formulas_Progressive Report'!G15+'Formulas_Progressive Report'!G16+'Formulas_Progressive Report'!G41+'Formulas_Progressive Report'!G42+'Formulas_Progressive Report'!G43-'Formulas_Progressive Report'!G48 -> 0 | H6: ='Formulas_Progressive Report'!H15+'Formulas_Progressive Report'!H16+'Formulas_Progressive Report'!H41+'Formulas_Progressive Report'!H42+'Formulas_Progressive Report'!H43-'Formulas_Progressive Report'!H48 -> 0 | I6: ='Formulas_Progressive Report'!I15+'Formulas_Progressive Report'!I16+'Formulas_Progressive Report'!I41+'Formulas_Progressive Report'!I42+'Formulas_Progressive Report'!I43-'Formulas_Progressive Report'!I48 -> 0.256 | J6: ='Formulas_Progressive Report'!J15+'Formulas_Progressive Report'!J16+'Formulas_Progressive Report'!J41+'Formulas_Progressive Report'!J42+'Formulas_Progressive Report'!J43-'Formulas_Progressive Report'!J48 -> 0 | K6: ='Formulas_Progressive Report'!K15+'Formulas_Progressive Report'!K16+'Formulas_Progressive Report'!K41+'Formulas_Progressive Report'!K42+'Formulas_Progressive Report'!K43-'Formulas_Progressive Report'!K48 -> 0 | ... AH6: ='Formulas_Progressive Report'!AH15+'Formulas_Progressive Report'!AH16+'Formulas_Progressive Report'!AH41+'Formulas_Progressive Report'!AH42+'Formulas_Progressive Report'!AH43-'Formulas_Progressive Report'!AH48 -> 0
C7: DG consumption for Module line | D7: ='Formulas_Progressive Report'!$D$48 -> 0 | E7: ='Formulas_Progressive Report'!E48 -> 0 | F7: ='Formulas_Progressive Report'!F48 -> 0 | G7: ='Formulas_Progressive Report'!G48 -> 0 | H7: ='Formulas_Progressive Report'!H48 -> 0 | I7: ='Formulas_Progressive Report'!I48 -> 0 | J7: ='Formulas_Progressive Report'!J48 -> 0 | K7: ='Formulas_Progressive Report'!K48 -> 0 | L7: ='Formulas_Progressive Report'!L48 -> 0 | ... AH7: ='Formulas_Progressive Report'!AH48 -> 0
B8: EB + DG + SOLAR | C8: Total Cell line consumption | D8: =D4+D6 -> 40229.435 | E8: =E4+E6 -> 41271.305 | F8: =F4+F6 -> 41627.672 | G8: =G4+G6 -> 41470.648 | H8: =H4+H6 -> 39925.488 | I8: =I4+I6 -> 37067.863 | J8: =J4+J6 -> 40602.762 | K8: =K4+K6 -> 40674.383 | ... AH8: =AH4+AH6 -> 0
C9: Total Module line consumption | D9: =D5+D7 -> 3577.9677 | E9: =E5+E7 -> 3535.5215 | F9: =F5+F7 -> 3490.529 | G9: =G5+G7 -> 3360.2506 | H9: =H5+H7 -> 3416.3364 | I9: =I5+I7 -> 3524.7765 | J9: =J5+J7 -> 3594.1022 | K9: =K5+K7 -> 3548.0806 | ... AH9: =AH5+AH7 -> 0
C10: Cell line CDA Consumption | D10: ='Formulas_Progressive Report'!D19+'Formulas_Progressive Report'!D20+'Formulas_Progressive Report'!D26+'Formulas_Progressive Report'!D29+'Formulas_Progressive Report'!D33 -> 6746.6134 | E10: ='Formulas_Progressive Report'!E19+'Formulas_Progressive Report'!E20+'Formulas_Progressive Report'!E26+'Formulas_Progressive Report'!E29+'Formulas_Progressive Report'!E33 -> 6910.5692 | F10: ='Formulas_Progressive Report'!F19+'Formulas_Progressive Report'!F20+'Formulas_Progressive Report'!F26+'Formulas_Progressive Report'!F29+'Formulas_Progressive Report'!F33 -> 6867.0057 | G10: ='Formulas_Progressive Report'!G19+'Formulas_Progressive Report'!G20+'Formulas_Progressive Report'!G26+'Formulas_Progressive Report'!G29+'Formulas_Progressive Report'!G33 -> 6830.3733 | H10: ='Formulas_Progressive Report'!H19+'Formulas_Progressive Report'!H20+'Formulas_Progressive Report'!H26+'Formulas_Progressive Report'!H29+'Formulas_Progressive Report'!H33 -> 8065.473 | I10: ='Formulas_Progressive Report'!I19+'Formulas_Progressive Report'!I20+'Formulas_Progressive Report'!I26+'Formulas_Progressive Report'!I29+'Formulas_Progressive Report'!I33 -> 8373.6248 | J10: ='Formulas_Progressive Report'!J19+'Formulas_Progressive Report'!J20+'Formulas_Progressive Report'!J26+'Formulas_Progressive Report'!J29+'Formulas_Progressive Report'!J33 -> 8410.3673 | K10: ='Formulas_Progressive Report'!K19+'Formulas_Progressive Report'!K20+'Formulas_Progressive Report'!K26+'Formulas_Progressive Report'!K29+'Formulas_Progressive Report'!K33 -> 8739.3531 | ... AH10: ='Formulas_Progressive Report'!AH19+'Formulas_Progressive Report'!AH20+'Formulas_Progressive Report'!AH26+'Formulas_Progressive Report'!AH29+'Formulas_Progressive Report'!AH33 -> 0
C11: Module line CDA consumption | D11: ='Formulas_Progressive Report'!D55+'Formulas_Progressive Report'!D32 -> 1836.2266 | E11: ='Formulas_Progressive Report'!E55+'Formulas_Progressive Report'!E32 -> 1864.832 | F11: ='Formulas_Progressive Report'!F55+'Formulas_Progressive Report'!F32 -> 1839.8336 | G11: ='Formulas_Progressive Report'!G55+'Formulas_Progressive Report'!G32 -> 1841.475 | H11: ='Formulas_Progressive Report'!H55+'Formulas_Progressive Report'!H32 -> 1825.0859 | I11: ='Formulas_Progressive Report'!I55+'Formulas_Progressive Report'!I32 -> 1841.0289 | J11: ='Formulas_Progressive Report'!J55+'Formulas_Progressive Report'!J32 -> 1847.6695 | K11: ='Formulas_Progressive Report'!K55+'Formulas_Progressive Report'!K32 -> 1839.0655 | ... AH11: ='Formulas_Progressive Report'!AH55+'Formulas_Progressive Report'!AH32 -> 0
C12: Cell line AC Consumption | D12: ='Formulas_Progressive Report'!D21+'Formulas_Progressive Report'!D23+'Formulas_Progressive Report'!D24+'Formulas_Progressive Report'!D25+'Formulas_Progressive Report'!D30+'Formulas_Progressive Report'!D31+'Formulas_Progressive Report'!D53 -> 10536.354 | E12: ='Formulas_Progressive Report'!E21+'Formulas_Progressive Report'!E23+'Formulas_Progressive Report'!E24+'Formulas_Progressive Report'!E25+'Formulas_Progressive Report'!E30+'Formulas_Progressive Report'!E31+'Formulas_Progressive Report'!E53 -> 10124.481 | F12: ='Formulas_Progressive Report'!F21+'Formulas_Progressive Report'!F23+'Formulas_Progressive Report'!F24+'Formulas_Progressive Report'!F25+'Formulas_Progressive Report'!F30+'Formulas_Progressive Report'!F31+'Formulas_Progressive Report'!F53 -> 10007.166 | G12: ='Formulas_Progressive Report'!G21+'Formulas_Progressive Report'!G23+'Formulas_Progressive Report'!G24+'Formulas_Progressive Report'!G25+'Formulas_Progressive Report'!G30+'Formulas_Progressive Report'!G31+'Formulas_Progressive Report'!G53 -> 9677.3076 | H12: ='Formulas_Progressive Report'!H21+'Formulas_Progressive Report'!H23+'Formulas_Progressive Report'!H24+'Formulas_Progressive Report'!H25+'Formulas_Progressive Report'!H30+'Formulas_Progressive Report'!H31+'Formulas_Progressive Report'!H53 -> 9817.2397 | I12: ='Formulas_Progressive Report'!I21+'Formulas_Progressive Report'!I23+'Formulas_Progressive Report'!I24+'Formulas_Progressive Report'!I25+'Formulas_Progressive Report'!I30+'Formulas_Progressive Report'!I31+'Formulas_Progressive Report'!I53 -> 9420.542 | J12: ='Formulas_Progressive Report'!J21+'Formulas_Progressive Report'!J23+'Formulas_Progressive Report'!J24+'Formulas_Progressive Report'!J25+'Formulas_Progressive Report'!J30+'Formulas_Progressive Report'!J31+'Formulas_Progressive Report'!J53 -> 9632.9618 | K12: ='Formulas_Progressive Report'!K21+'Formulas_Progressive Report'!K23+'Formulas_Progressive Report'!K24+'Formulas_Progressive Report'!K25+'Formulas_Progressive Report'!K30+'Formulas_Progressive Report'!K31+'Formulas_Progressive Report'!K53 -> 10106.988 | ... AH12: ='Formulas_Progressive Report'!AH21+'Formulas_Progressive Report'!AH23+'Formulas_Progressive Report'!AH24+'Formulas_Progressive Report'!AH25+'Formulas_Progressive Report'!AH30+'Formulas_Progressive Report'!AH31+'Formulas_Progressive Report'!AH53 -> 0
C13: Cell line tools Consumption | D13: =D4+D6-D10-D11-D12 -> 21110.241 | E13: =E4+E6-E10-E11-E12 -> 22371.423 | F13: =F4+F6-F10-F11-F12 -> 22913.666 | G13: =G4+G6-G10-G11-G12 -> 23121.492 | H13: =H4+H6-H10-H11-H12 -> 20217.689 | I13: =I4+I6-I10-I11-I12 -> 17432.668 | J13: =J4+J6-J10-J11-J12 -> 20711.763 | K13: =K4+K6-K10-K11-K12 -> 19988.977 | ... AH13: =AH4+AH6-AH10-AH11-AH12 -> 0
C14: Module line AC Consumption | D14: ='Formulas_Progressive Report'!D46+'Formulas_Progressive Report'!D49-'Formulas_Progressive Report'!D63 -> -882.49425 | E14: ='Formulas_Progressive Report'!E46+'Formulas_Progressive Report'!E49-'Formulas_Progressive Report'!E63 -> -901.6552 | F14: ='Formulas_Progressive Report'!F46+'Formulas_Progressive Report'!F49-'Formulas_Progressive Report'!F63 -> -878.7804 | G14: ='Formulas_Progressive Report'!G46+'Formulas_Progressive Report'!G49-'Formulas_Progressive Report'!G63 -> -881.5108 | H14: ='Formulas_Progressive Report'!H46+'Formulas_Progressive Report'!H49-'Formulas_Progressive Report'!H63 -> -911.0168 | I14: ='Formulas_Progressive Report'!I46+'Formulas_Progressive Report'!I49-'Formulas_Progressive Report'!I63 -> -891.9408 | J14: ='Formulas_Progressive Report'!J46+'Formulas_Progressive Report'!J49-'Formulas_Progressive Report'!J63 -> -905.3736 | K14: ='Formulas_Progressive Report'!K46+'Formulas_Progressive Report'!K49-'Formulas_Progressive Report'!K63 -> -883.88051 | ... AH14: ='Formulas_Progressive Report'!AH46+'Formulas_Progressive Report'!AH49-'Formulas_Progressive Report'!AH63 -> 0
C15: Module line CDA Consumption
C16: Module line tools Consumption | D16: =D5+D7-D14-D15 -> 4460.462 | E16: =E5+E7-E14-E15 -> 4437.1767 | F16: =F5+F7-F14-F15 -> 4369.3094 | G16: =G5+G7-G14-G15 -> 4241.7614 | H16: =H5+H7-H14-H15 -> 4327.3532 | I16: =I5+I7-I14-I15 -> 4416.7173 | J16: =J5+J7-J14-J15 -> 4499.4758 | K16: =K5+K7-K14-K15 -> 4431.9612 | ... AH16: =AH5+AH7-AH14-AH15 -> 0
C17: Solar Generation | D17: ='Formulas_Progressive Report'!D28+'Formulas_Progressive Report'!D59+'Formulas_Progressive Report'!D67+'Formulas_Progressive Report'!D68+'Formulas_Progressive Report'!D69+'Formulas_Progressive Report'!D70 -> 1118.906 | E17: ='Formulas_Progressive Report'!E28+'Formulas_Progressive Report'!E59+'Formulas_Progressive Report'!E67+'Formulas_Progressive Report'!E68+'Formulas_Progressive Report'!E69+'Formulas_Progressive Report'!E70 -> 1219.1492 | F17: ='Formulas_Progressive Report'!F28+'Formulas_Progressive Report'!F59+'Formulas_Progressive Report'!F67+'Formulas_Progressive Report'!F68+'Formulas_Progressive Report'!F69+'Formulas_Progressive Report'!F70 -> 950.64875 | G17: ='Formulas_Progressive Report'!G28+'Formulas_Progressive Report'!G59+'Formulas_Progressive Report'!G67+'Formulas_Progressive Report'!G68+'Formulas_Progressive Report'!G69+'Formulas_Progressive Report'!G70 -> 1010.0964 | H17: ='Formulas_Progressive Report'!H28+'Formulas_Progressive Report'!H59+'Formulas_Progressive Report'!H67+'Formulas_Progressive Report'!H68+'Formulas_Progressive Report'!H69+'Formulas_Progressive Report'!H70 -> 1146.2494 | I17: ='Formulas_Progressive Report'!I28+'Formulas_Progressive Report'!I59+'Formulas_Progressive Report'!I67+'Formulas_Progressive Report'!I68+'Formulas_Progressive Report'!I69+'Formulas_Progressive Report'!I70 -> 1141.4179 | J17: ='Formulas_Progressive Report'!J28+'Formulas_Progressive Report'!J59+'Formulas_Progressive Report'!J67+'Formulas_Progressive Report'!J68+'Formulas_Progressive Report'!J69+'Formulas_Progressive Report'!J70 -> 755.43413 | K17: ='Formulas_Progressive Report'!K28+'Formulas_Progressive Report'!K59+'Formulas_Progressive Report'!K67+'Formulas_Progressive Report'!K68+'Formulas_Progressive Report'!K69+'Formulas_Progressive Report'!K70 -> 1228.206 | ... AH17: ='Formulas_Progressive Report'!AH28+'Formulas_Progressive Report'!AH59+'Formulas_Progressive Report'!AH67+'Formulas_Progressive Report'!AH68+'Formulas_Progressive Report'!AH69+'Formulas_Progressive Report'!AH70 -> 0
C18: New 3 X 500KVA UPS Efficiency | D18: =IFERROR(('Formulas_Progressive Report'!D38/'Formulas_Progressive Report'!D37)*100,0) -> 80.696908 | E18: =IFERROR(('Formulas_Progressive Report'!E38/'Formulas_Progressive Report'!E37)*100,0) -> 80.659605 | F18: =IFERROR(('Formulas_Progressive Report'!F38/'Formulas_Progressive Report'!F37)*100,0) -> 80.656579 | G18: =IFERROR(('Formulas_Progressive Report'!G38/'Formulas_Progressive Report'!G37)*100,0) -> 80.551568 | H18: =IFERROR(('Formulas_Progressive Report'!H38/'Formulas_Progressive Report'!H37)*100,0) -> 80.344612 | I18: =IFERROR(('Formulas_Progressive Report'!I38/'Formulas_Progressive Report'!I37)*100,0) -> 80.250964 | J18: =IFERROR(('Formulas_Progressive Report'!J38/'Formulas_Progressive Report'!J37)*100,0) -> 80.648796 | K18: =IFERROR(('Formulas_Progressive Report'!K38/'Formulas_Progressive Report'!K37)*100,0) -> 80.660328 | ... AH18: =IFERROR(('Formulas_Progressive Report'!AH38/'Formulas_Progressive Report'!AH37)*100,0) -> 0

Sheet Formulas_TODwise Consumption Re
B3: Locations | D3: Time | E3: =meta_sheet!A3 -> 46235 | F3: =E3+1 -> 46236 | G3: =F3+1 -> 46237 | H3: =G3+1 -> 46238 | I3: =H3+1 -> 46239 | J3: =I3+1 -> 46240 | K3: =J3+1 -> 46241 | L3: =K3+1 -> 46242 | M3: =L3+1 -> 46243 | ... AI3: =AH3+1 -> 46265 | AJ3: Total | AK3: Total (%)
B4: 66KV CR panel | C4: =$B$4&D4 -> 66KV CR panel06:00 to 10:00 | D4: 06:00 to 10:00 | E4: =VLOOKUP(E3,TOD!$B$6:$BP$36,2,0) -> 11489.28 | F4: =VLOOKUP(F3,TOD!$B$6:$BP$36,2,0) -> 11131.563 | G4: =VLOOKUP(G3,TOD!$B$6:$BP$36,2,0) -> 11360.735 | H4: =VLOOKUP(H3,TOD!$B$6:$BP$36,2,0) -> 11552.768 | I4: =VLOOKUP(I3,TOD!$B$6:$BP$36,2,0) -> 11324.769 | J4: =VLOOKUP(J3,TOD!$B$6:$BP$36,2,0) -> 10109.194 | K4: =VLOOKUP(K3,TOD!$B$6:$BP$36,2,0) -> 10939.11 | L4: =VLOOKUP(L3,TOD!$B$6:$BP$36,2,0) -> 11119.957 | ... AI4: =VLOOKUP(AI3,TOD!$B$6:$BP$36,2,0) -> 0 | AJ4: =SUM(E4:AI4) -> 189435.4 | AK4: =IFERROR(AJ4/AJ8, "-") -> 0.16413825
C5: =$B$4&D5 -> 66KV CR panel10:00 to 18:00 | D5: 10:00 to 18:00 | E5: =VLOOKUP($E$3,TOD!$B$40:$BP$70,2,0) -> 22574.799 | F5: =VLOOKUP(F3,TOD!$B$40:$BP$70,2,0) -> 23160.713 | G5: =VLOOKUP(G3,TOD!$B$40:$BP$70,2,0) -> 22800.117 | H5: =VLOOKUP(H3,TOD!$B$40:$BP$70,2,0) -> 22636.544 | I5: =VLOOKUP(I3,TOD!$B$40:$BP$70,2,0) -> 22329.332 | J5: =VLOOKUP(J3,TOD!$B$40:$BP$70,2,0) -> 19881.777 | K5: =VLOOKUP(K3,TOD!$B$40:$BP$70,2,0) -> 22372.708 | L5: =VLOOKUP(L3,TOD!$B$40:$BP$70,2,0) -> 22319.787 | M5: =VLOOKUP(M3,TOD!$B$40:$BP$70,2,0) -> 22891.179 | ... AI5: =VLOOKUP(AI3,TOD!$B$40:$BP$70,2,0) -> 0 | AJ5: =SUM(E5:AI5) -> 382240.23 | AK5: =IFERROR(AJ5/$AJ$8, "-") -> 0.33119596
C6: =$B$4&D6 -> 66KV CR panel18:00 to 22:00 | D6: 18:00 to 22:00 | E6: =VLOOKUP($E$3,TOD!$B$75:$BP$105,2,0) -> 11108.657 | F6: =VLOOKUP(F3,TOD!$B$75:$BP$105,2,0) -> 11512.609 | G6: =VLOOKUP(G3,TOD!$B$75:$BP$105,2,0) -> 12031.555 | H6: =VLOOKUP(H3,TOD!$B$75:$BP$105,2,0) -> 11786.24 | I6: =VLOOKUP(I3,TOD!$B$75:$BP$105,2,0) -> 11670.434 | J6: =VLOOKUP(J3,TOD!$B$75:$BP$105,2,0) -> 10850.987 | K6: =VLOOKUP(K3,TOD!$B$75:$BP$105,2,0) -> 11412.525 | L6: =VLOOKUP(L3,TOD!$B$75:$BP$105,2,0) -> 11681.792 | M6: =VLOOKUP(M3,TOD!$B$75:$BP$105,2,0) -> 11384.149 | ... AI6: =VLOOKUP(AI3,TOD!$B$75:$BP$105,2,0) -> 0 | AJ6: =SUM(E6:AI6) -> 196275.4 | AK6: =IFERROR(AJ6/$AJ$8, "-") -> 0.17006483
C7: =$B$4&D7 -> 66KV CR panel22:00 to 06:00 | D7: 22:00 to 06:00 | E7: =VLOOKUP($E$3,TOD!$B$109:$BP$139,2,0) -> 22588.075 | F7: =VLOOKUP(F3,TOD!$B$109:$BP$139,2,0) -> 23201.313 | G7: =VLOOKUP(G3,TOD!$B$109:$BP$139,2,0) -> 22991.56 | H7: =VLOOKUP(H3,TOD!$B$109:$BP$139,2,0) -> 23149.909 | I7: =VLOOKUP(I3,TOD!$B$109:$BP$139,2,0) -> 22465.571 | J7: =VLOOKUP(J3,TOD!$B$109:$BP$139,2,0) -> 21769.557 | K7: =VLOOKUP(K3,TOD!$B$109:$BP$139,2,0) -> 22377.695 | L7: =VLOOKUP(L3,TOD!$B$109:$BP$139,2,0) -> 22169.689 | M7: =VLOOKUP(M3,TOD!$B$109:$BP$139,2,0) -> 22407.851 | ... AI7: =VLOOKUP(AI3,TOD!$B$109:$BP$139,2,0) -> 0 | AJ7: =SUM(E7:AI7) -> 386170.02 | AK7: =IFERROR(AJ7/$AJ$8, "-") -> 0.33460097
D8: Total | E8: =SUM(E4:E7) -> 67760.811 | F8: =SUM(F4:F7) -> 69006.198 | G8: =SUM(G4:G7) -> 69183.967 | H8: =SUM(H4:H7) -> 69125.461 | I8: =SUM(I4:I7) -> 67790.106 | J8: =SUM(J4:J7) -> 62611.515 | K8: =SUM(K4:K7) -> 67102.037 | L8: =SUM(L4:L7) -> 67291.225 | ... AJ8: =SUM(AJ4:AJ7) -> 1154121 | AK8: =IFERROR(AJ8/$AJ$8, "-") -> 1
B9: 11KV Incomer Breaker | C9: 11KV Incomer Breaker06:00 to 10:00 | D9: 06:00 to 10:00 | E9: =VLOOKUP($E$3,TOD!$B$6:$BP$36,3,0) -> 11473.074 | F9: =VLOOKUP($F$3,TOD!$B$6:$BP$36,3,0) -> 11129.841 | G9: =VLOOKUP($G$3,TOD!$B$6:$BP$36,3,0) -> 11344.377 | H9: =VLOOKUP($H$3,TOD!$B$6:$BP$36,3,0) -> 11536.384 | I9: =VLOOKUP($I$3,TOD!$B$6:$BP$36,3,0) -> 11308.382 | J9: =VLOOKUP($J$3,TOD!$B$6:$BP$36,3,0) -> 10093.501 | K9: =VLOOKUP($K$3,TOD!$B$6:$BP$36,3,0) -> 10923.231 | L9: =VLOOKUP($L$3,TOD!$B$6:$BP$36,3,0) -> 11070.419 | M9: =VLOOKUP($M$3,TOD!$B$6:$BP$36,3,0) -> 10620.334 | N9: =VLOOKUP($N$3,TOD!$B$6:$BP$36,3,0) -> 10890.67 | O9: =VLOOKUP($O$3,TOD!$B$6:$BP$36,3,0) -> 11450.991 | P9: =VLOOKUP($P$3,TOD!$B$6:$BP$36,3,0) -> 11277.178 | Q9: =VLOOKUP($Q$3,TOD!$B$6:$BP$36,3,0) -> 11525.996 | R9: =VLOOKUP($R$3,TOD!$B$6:$BP$36,3,0) -> 11339.064 | S9: =VLOOKUP($S$3,TOD!$B$6:$BP$36,3,0) -> 11105.295 | T9: =VLOOKUP($T$3,TOD!$B$6:$BP$36,3,0) -> 10787.528 | U9: =VLOOKUP($U$3,TOD!$B$6:$BP$36,3,0) -> 11085.29 | V9: =VLOOKUP($V$3,TOD!$B$6:$BP$36,3,0) -> 0 | W9: =VLOOKUP($W$3,TOD!$B$6:$BP$36,3,0) -> 0 | X9: =VLOOKUP($X$3,TOD!$B$6:$BP$36,3,0) -> 0 | Y9: =VLOOKUP($Y$3,TOD!$B$6:$BP$36,3,0) -> 0 | Z9: =VLOOKUP($Z$3,TOD!$B$6:$BP$36,3,0) -> 0 | AA9: =VLOOKUP($AA$3,TOD!$B$6:$BP$36,3,0) -> 0 | AB9: =VLOOKUP($AB$3,TOD!$B$6:$BP$36,3,0) -> 0 | AC9: =VLOOKUP($AC$3,TOD!$B$6:$BP$36,3,0) -> 0 | AD9: =VLOOKUP($AD$3,TOD!$B$6:$BP$36,3,0) -> 0 | AE9: =VLOOKUP($AE$3,TOD!$B$6:$BP$36,3,0) -> 0 | AF9: =VLOOKUP($AF$3,TOD!$B$6:$BP$36,3,0) -> 0 | AG9: =VLOOKUP($AG$3,TOD!$B$6:$BP$36,3,0) -> 0 | AH9: =VLOOKUP($AH$3,TOD!$B$6:$BP$36,3,0) -> 0 | AI9: =VLOOKUP($AI$3,TOD!$B$6:$BP$36,3,0) -> 0 | AJ9: =SUM(E9:AI9) -> 188961.56 | AK9: =IFERROR(AJ9/AJ13, "-") -> 0.16415887
C10: 11KV Incomer Breaker10:00 to 18:00 | D10: 10:00 to 18:00 | E10: =VLOOKUP(E$3,TOD!$B$40:$BP$70,3,0) -> 22530.048 | F10: =VLOOKUP(F$3,TOD!$B$40:$BP$70,3,0) -> 23112.886 | G10: =VLOOKUP(G$3,TOD!$B$40:$BP$70,3,0) -> 22778.717 | H10: =VLOOKUP(H$3,TOD!$B$40:$BP$70,3,0) -> 22620.16 | I10: =VLOOKUP(I$3,TOD!$B$40:$BP$70,3,0) -> 22313.011 | J10: =VLOOKUP(J$3,TOD!$B$40:$BP$70,3,0) -> 19831.964 | K10: =VLOOKUP(K$3,TOD!$B$40:$BP$70,3,0) -> 22339.703 | L10: =VLOOKUP(L$3,TOD!$B$40:$BP$70,3,0) -> 22237.57 | ... AI10: =VLOOKUP(AI$3,TOD!$B$40:$BP$70,3,0) -> 0 | AJ10: =SUM(E10:AI10) -> 381245.65 | AK10: =IFERROR(AJ10/AJ13, "-") -> 0.33120418
C11: 11KV Incomer Breaker18:00 to 22:00 | D11: 18:00 to 22:00 | E11: =VLOOKUP(E$3,TOD!$B$75:$BP$105,3,0) -> 11087.783 | F11: =VLOOKUP(F$3,TOD!$B$75:$BP$105,3,0) -> 11492.17 | G11: =VLOOKUP(G$3,TOD!$B$75:$BP$105,3,0) -> 12019.712 | H11: =VLOOKUP(H$3,TOD!$B$75:$BP$105,3,0) -> 11770.539 | I11: =VLOOKUP(I$3,TOD!$B$75:$BP$105,3,0) -> 11650.579 | J11: =VLOOKUP(J$3,TOD!$B$75:$BP$105,3,0) -> 10851.194 | K11: =VLOOKUP(K$3,TOD!$B$75:$BP$105,3,0) -> 11363.669 | L11: =VLOOKUP(L$3,TOD!$B$75:$BP$105,3,0) -> 11632.64 | ... AI11: =VLOOKUP(AI$3,TOD!$B$75:$BP$105,3,0) -> 0 | AJ11: =SUM(E11:AI11) -> 195747.72 | AK11: =IFERROR(AJ11/AJ13, "-") -> 0.1700543
C12: 11KV Incomer Breaker22:00 to 06:00 | D12: 22:00 to 06:00 | E12: =VLOOKUP(E$3,TOD!$B$109:$BP$139,3,0) -> 22538.685 | F12: =VLOOKUP(F$3,TOD!$B$109:$BP$139,3,0) -> 23156.736 | G12: =VLOOKUP(G$3,TOD!$B$109:$BP$139,3,0) -> 22958.763 | H12: =VLOOKUP(H$3,TOD!$B$109:$BP$139,3,0) -> 23116.488 | I12: =VLOOKUP(I$3,TOD!$B$109:$BP$139,3,0) -> 22452.628 | J12: =VLOOKUP(J$3,TOD!$B$109:$BP$139,3,0) -> 21720.109 | K12: =VLOOKUP(K$3,TOD!$B$109:$BP$139,3,0) -> 22312.277 | L12: =VLOOKUP(L$3,TOD!$B$109:$BP$139,3,0) -> 22071.89 | ... AI12: =VLOOKUP(AI$3,TOD!$B$109:$BP$139,3,0) -> 0 | AJ12: =SUM(E12:AI12) -> 385134.58 | AK12: =IFERROR(AJ12/AJ13, "-") -> 0.33458265
D13: Total | E13: =SUM(E9:E12) -> 67629.59 | F13: =SUM(F9:F12) -> 68891.633 | G13: =SUM(G9:G12) -> 69101.568 | H13: =SUM(H9:H12) -> 69043.571 | I13: =SUM(I9:I12) -> 67724.6 | J13: =SUM(J9:J12) -> 62496.768 | K13: =SUM(K9:K12) -> 66938.88 | L13: =SUM(L9:L12) -> 67012.519 | ... AJ13: =SUM(AJ9:AJ12) -> 1151089.5 | AK13: =IFERROR(AJ13/AJ13, "-") -> 1
B14: 11KV ATS O/G Breaker | C14: 11KV ATS O/G Breaker06:00 to 10:00 | D14: 06:00 to 10:00 | E14: =VLOOKUP($E$3,TOD!$B$6:$BP$36,4,0) -> 7395.2844 | F14: =VLOOKUP($F$3,TOD!$B$6:$BP$36,4,0) -> 7215.5789 | G14: =VLOOKUP($G$3,TOD!$B$6:$BP$36,4,0) -> 7387.8187 | H14: =VLOOKUP($H$3,TOD!$B$6:$BP$36,4,0) -> 7390.7274 | I14: =VLOOKUP($I$3,TOD!$B$6:$BP$36,4,0) -> 7266.7859 | J14: =VLOOKUP($J$3,TOD!$B$6:$BP$36,4,0) -> 6354.9674 | K14: =VLOOKUP($K$3,TOD!$B$6:$BP$36,4,0) -> 7160.832 | L14: =VLOOKUP($L$3,TOD!$B$6:$BP$36,4,0) -> 7269.7173 | M14: =VLOOKUP($M$3,TOD!$B$6:$BP$36,4,0) -> 6900.9586 | N14: =VLOOKUP($N$3,TOD!$B$6:$BP$36,4,0) -> 6993.1489 | O14: =VLOOKUP($O$3,TOD!$B$6:$BP$36,4,0) -> 7533.9093 | P14: =VLOOKUP($P$3,TOD!$B$6:$BP$36,4,0) -> 7154.3467 | Q14: =VLOOKUP($Q$3,TOD!$B$6:$BP$36,4,0) -> 7331.4838 | R14: =VLOOKUP($R$3,TOD!$B$6:$BP$36,4,0) -> 7256.064 | S14: =VLOOKUP($S$3,TOD!$B$6:$BP$36,4,0) -> 6963.9123 | T14: =VLOOKUP($T$3,TOD!$B$6:$BP$36,4,0) -> 7019.7426 | U14: =VLOOKUP($U$3,TOD!$B$6:$BP$36,4,0) -> 7071.744 | V14: =VLOOKUP($V$3,TOD!$B$6:$BP$36,4,0) -> 0 | W14: =VLOOKUP($W$3,TOD!$B$6:$BP$36,4,0) -> 0 | X14: =VLOOKUP($X$3,TOD!$B$6:$BP$36,4,0) -> 0 | Y14: =VLOOKUP($Y$3,TOD!$B$6:$BP$36,4,0) -> 0 | Z14: =VLOOKUP($Z$3,TOD!$B$6:$BP$36,4,0) -> 0 | AA14: =VLOOKUP($AA$3,TOD!$B$6:$BP$36,4,0) -> 0 | AB14: =VLOOKUP($AB$3,TOD!$B$6:$BP$36,4,0) -> 0 | AC14: =VLOOKUP($AC$3,TOD!$B$6:$BP$36,4,0) -> 0 | AD14: =VLOOKUP($AD$3,TOD!$B$6:$BP$36,4,0) -> 0 | AE14: =VLOOKUP($AE$3,TOD!$B$6:$BP$36,4,0) -> 0 | AF14: =VLOOKUP($AF$3,TOD!$B$6:$BP$36,4,0) -> 0 | AG14: =VLOOKUP($AG$3,TOD!$B$6:$BP$36,4,0) -> 0 | AH14: =VLOOKUP($AH$3,TOD!$B$6:$BP$36,4,0) -> 0 | AI14: =VLOOKUP($AI$3,TOD!$B$6:$BP$36,3,0) -> 0 | AJ14: =SUM(E14:AI14) -> 121667.02 | AK14: =IFERROR(AJ14/AJ18, "-") -> 0.16241223
C15: 11KV ATS O/G Breaker10:00 to 18:00 | D15: 10:00 to 18:00 | E15: =VLOOKUP(E$3,TOD!$B$40:$BP$70,4,0) -> 14714.924 | F15: =VLOOKUP(F$3,TOD!$B$40:$BP$70,4,0) -> 15165.173 | G15: =VLOOKUP(G$3,TOD!$B$40:$BP$70,4,0) -> 14906.027 | H15: =VLOOKUP(H$3,TOD!$B$40:$BP$70,4,0) -> 14723.072 | I15: =VLOOKUP(I$3,TOD!$B$40:$BP$70,4,0) -> 14309.517 | J15: =VLOOKUP(J$3,TOD!$B$40:$BP$70,4,0) -> 13101.656 | K15: =VLOOKUP(K$3,TOD!$B$40:$BP$70,4,0) -> 14632.277 | L15: =VLOOKUP(L$3,TOD!$B$40:$BP$70,4,0) -> 14749.696 | ... AI15: =VLOOKUP(AI$3,TOD!$B$40:$BP$70,4,0) -> 0 | AJ15: =SUM(E15:AI15) -> 248533.97 | AK15: =IFERROR(AJ15/AJ18, "-") -> 0.33176579
C16: 11KV ATS O/G Breaker18:00 to 22:00 | D16: 18:00 to 22:00 | E16: =VLOOKUP(E$3,TOD!$B$75:$BP$105,4,0) -> 7137.0129 | F16: =VLOOKUP(F$3,TOD!$B$75:$BP$105,4,0) -> 7412.6915 | G16: =VLOOKUP(G$3,TOD!$B$75:$BP$105,4,0) -> 7858.176 | H16: =VLOOKUP(H$3,TOD!$B$75:$BP$105,4,0) -> 7658.0656 | I16: =VLOOKUP(I$3,TOD!$B$75:$BP$105,4,0) -> 7488.9127 | J16: =VLOOKUP(J$3,TOD!$B$75:$BP$105,4,0) -> 6984.422 | K16: =VLOOKUP(K$3,TOD!$B$75:$BP$105,4,0) -> 7568.0427 | L16: =VLOOKUP(L$3,TOD!$B$75:$BP$105,4,0) -> 7749.9585 | ... AI16: =VLOOKUP(AI$3,TOD!$B$75:$BP$105,4,0) -> 0 | AJ16: =SUM(E16:AI16) -> 127367.21 | AK16: =IFERROR(AJ16/AJ18, "-") -> 0.17002136
C17: 11KV ATS O/G Breaker22:00 to 06:00 | D17: 22:00 to 06:00 | E17: =VLOOKUP(E$3,TOD!$B$109:$BP$139,4,0) -> 14560.182 | F17: =VLOOKUP(F$3,TOD!$B$109:$BP$139,4,0) -> 15013.383 | G17: =VLOOKUP(G$3,TOD!$B$109:$BP$139,4,0) -> 14963.875 | H17: =VLOOKUP(H$3,TOD!$B$109:$BP$139,4,0) -> 15059.033 | I17: =VLOOKUP(I$3,TOD!$B$109:$BP$139,4,0) -> 14276.608 | J17: =VLOOKUP(J$3,TOD!$B$109:$BP$139,4,0) -> 14151.339 | K17: =VLOOKUP(K$3,TOD!$B$109:$BP$139,4,0) -> 14835.712 | L17: =VLOOKUP(L$3,TOD!$B$109:$BP$139,4,0) -> 14453.092 | ... AI17: =VLOOKUP(AI$3,TOD!$B$109:$BP$139,4,0) -> 0 | AJ17: =SUM(E17:AI17) -> 251556.56 | AK17: =IFERROR(AJ17/AJ18, "-") -> 0.33580062
D18: Total | E18: =SUM(E14:E17) -> 43807.403 | F18: =SUM(F14:F17) -> 44806.827 | G18: =SUM(G14:G17) -> 45115.897 | H18: =SUM(H14:H17) -> 44830.898 | I18: =SUM(I14:I17) -> 43341.824 | J18: =SUM(J14:J17) -> 40592.384 | K18: =SUM(K14:K17) -> 44196.864 | L18: =SUM(L14:L17) -> 44222.464 | ... AJ18: =SUM(AJ14:AJ17) -> 749124.76 | AK18: =IFERROR(AJ18/AJ18, "-") -> 1
B19: 11KV Module & Cell O/G Breaker | C19: 11KV Module & Cell O/G Breaker06:00 to 10:00 | D19: 06:00 to 10:00 | E19: =VLOOKUP($E$3,TOD!$B$6:$BP$36,ROW(A4),0) -> 7395.2844 | F19: =VLOOKUP($F$3,TOD!$B$6:$BP$36,5,0) -> 3976.5333 | G19: =VLOOKUP($G$3,TOD!$B$6:$BP$36,4,0) -> 7387.8187 | H19: =VLOOKUP($H$3,TOD!$B$6:$BP$36,4,0) -> 7390.7274 | I19: =VLOOKUP($I$3,TOD!$B$6:$BP$36,4,0) -> 7266.7859 | J19: =VLOOKUP($J$3,TOD!$B$6:$BP$36,4,0) -> 6354.9674 | K19: =VLOOKUP($K$3,TOD!$B$6:$BP$36,4,0) -> 7160.832 | L19: =VLOOKUP($L$3,TOD!$B$6:$BP$36,4,0) -> 7269.7173 | M19: =VLOOKUP($M$3,TOD!$B$6:$BP$36,4,0) -> 6900.9586 | N19: =VLOOKUP($N$3,TOD!$B$6:$BP$36,4,0) -> 6993.1489 | O19: =VLOOKUP($O$3,TOD!$B$6:$BP$36,4,0) -> 7533.9093 | P19: =VLOOKUP($P$3,TOD!$B$6:$BP$36,4,0) -> 7154.3467 | Q19: =VLOOKUP($Q$3,TOD!$B$6:$BP$36,4,0) -> 7331.4838 | R19: =VLOOKUP($R$3,TOD!$B$6:$BP$36,4,0) -> 7256.064 | S19: =VLOOKUP($S$3,TOD!$B$6:$BP$36,4,0) -> 6963.9123 | T19: =VLOOKUP($T$3,TOD!$B$6:$BP$36,4,0) -> 7019.7426 | U19: =VLOOKUP($U$3,TOD!$B$6:$BP$36,4,0) -> 7071.744 | V19: =VLOOKUP($V$3,TOD!$B$6:$BP$36,4,0) -> 0 | W19: =VLOOKUP($W$3,TOD!$B$6:$BP$36,4,0) -> 0 | X19: =VLOOKUP($X$3,TOD!$B$6:$BP$36,4,0) -> 0 | Y19: =VLOOKUP($Y$3,TOD!$B$6:$BP$36,4,0) -> 0 | Z19: =VLOOKUP($Z$3,TOD!$B$6:$BP$36,4,0) -> 0 | AA19: =VLOOKUP($AA$3,TOD!$B$6:$BP$36,4,0) -> 0 | AB19: =VLOOKUP($AB$3,TOD!$B$6:$BP$36,4,0) -> 0 | AC19: =VLOOKUP($AC$3,TOD!$B$6:$BP$36,4,0) -> 0 | AD19: =VLOOKUP($AD$3,TOD!$B$6:$BP$36,4,0) -> 0 | AE19: =VLOOKUP($AE$3,TOD!$B$6:$BP$36,4,0) -> 0 | AF19: =VLOOKUP($AF$3,TOD!$B$6:$BP$36,4,0) -> 0 | AG19: =VLOOKUP($AG$3,TOD!$B$6:$BP$36,4,0) -> 0 | AH19: =VLOOKUP($AH$3,TOD!$B$6:$BP$36,4,0) -> 0 | AI19: =VLOOKUP($AI$3,TOD!$B$6:$BP$36,3,0) -> 0 | AJ19: =SUM(E19:AI19) -> 118427.98 | AK19: =IFERROR(AJ19/AJ23, "-") -> 0.2578792
C20: 11KV Module & Cell O/G Breaker10:00 to 18:00 | D20: 10:00 to 18:00 | E20: =VLOOKUP(E$3,TOD!$B$40:$BP$70,5,0) -> 7958.528 | F20: =VLOOKUP(F$3,TOD!$B$40:$BP$70,5,0) -> 8106.6815 | G20: =VLOOKUP(G$3,TOD!$B$40:$BP$70,5,0) -> 8008.0213 | H20: =VLOOKUP(H$3,TOD!$B$40:$BP$70,5,0) -> 8038.1329 | I20: =VLOOKUP(I$3,TOD!$B$40:$BP$70,5,0) -> 8146.5605 | J20: =VLOOKUP(J$3,TOD!$B$40:$BP$70,5,0) -> 6855.6697 | K20: =VLOOKUP(K$3,TOD!$B$40:$BP$70,5,0) -> 7843.84 | L20: =VLOOKUP(L$3,TOD!$B$40:$BP$70,5,0) -> 7620.6822 | ... AI20: =VLOOKUP(AI$3,TOD!$B$40:$BP$70,5,0) -> 0 | AJ20: =SUM(E20:AI20) -> 135128.72 | AK20: =IFERROR(AJ20/AJ23, "-") -> 0.2942454
C21: 11KV Module & Cell O/G Breaker18:00 to 22:00 | D21: 18:00 to 22:00 | E21: =VLOOKUP(E$3,TOD!$B$75:$BP$105,5,0) -> 4041.728 | F21: =VLOOKUP(F$3,TOD!$B$75:$BP$105,5,0) -> 4157.0838 | G21: =VLOOKUP(G$3,TOD!$B$75:$BP$105,5,0) -> 4248.6354 | H21: =VLOOKUP(H$3,TOD!$B$75:$BP$105,5,0) -> 4197.6431 | I21: =VLOOKUP(I$3,TOD!$B$75:$BP$105,5,0) -> 4244.0951 | J21: =VLOOKUP(J$3,TOD!$B$75:$BP$105,5,0) -> 3939.9958 | K21: =VLOOKUP(K$3,TOD!$B$75:$BP$105,5,0) -> 3871.5511 | L21: =VLOOKUP(L$3,TOD!$B$75:$BP$105,5,0) -> 3957.0031 | ... AI21: =VLOOKUP(AI$3,TOD!$B$75:$BP$105,5,0) -> 0 | AJ21: =SUM(E21:AI21) -> 69693.946 | AK21: =IFERROR(AJ21/AJ23, "-") -> 0.15175991
C22: 11KV Module & Cell O/G Breaker22:00 to 06:00 | D22: 22:00 to 06:00 | E22: =VLOOKUP(E$3,TOD!$B$109:$BP$139,5,0) -> 8123.7333 | F22: =VLOOKUP(F$3,TOD!$B$109:$BP$139,5,0) -> 8284.8427 | G22: =VLOOKUP(G$3,TOD!$B$109:$BP$139,5,0) -> 8145.5193 | H22: =VLOOKUP(H$3,TOD!$B$109:$BP$139,5,0) -> 8191.6587 | I22: =VLOOKUP(I$3,TOD!$B$109:$BP$139,5,0) -> 8309.8481 | J22: =VLOOKUP(J$3,TOD!$B$109:$BP$139,5,0) -> 7697.9868 | K22: =VLOOKUP(K$3,TOD!$B$109:$BP$139,5,0) -> 7608.8543 | L22: =VLOOKUP(L$3,TOD!$B$109:$BP$139,5,0) -> 7767.04 | ... AI22: =VLOOKUP(AI$3,TOD!$B$109:$BP$139,5,0) -> 0 | AJ22: =SUM(E22:AI22) -> 135987.54 | AK22: =IFERROR(AJ22/AJ23, "-") -> 0.29611549
D23: Total | E23: =SUM(E19:E22) -> 27519.274 | F23: =SUM(F19:F22) -> 24525.141 | G23: =SUM(G19:G22) -> 27789.995 | H23: =SUM(H19:H22) -> 27818.162 | I23: =SUM(I19:I22) -> 27967.29 | J23: =SUM(J19:J22) -> 24848.62 | K23: =SUM(K19:K22) -> 26485.077 | L23: =SUM(L19:L22) -> 26614.443 | ... AJ23: =SUM(AJ19:AJ22) -> 459238.19 | AK23: =IFERROR(AJ23/AJ23, "-") -> 1
B24: Transformer - 1. O/G Breaker | C24: Transformer - 1. O/G Breaker06:00 to 10:00 | D24: 06:00 to 10:00 | E24: =VLOOKUP($E$3,TOD!$B$6:$BP$36,6,0) -> 758.45424 | F24: =VLOOKUP($F$3,TOD!$B$6:$BP$36,6,0) -> 1200.5445 | G24: =VLOOKUP($G$3,TOD!$B$6:$BP$36,4,0) -> 7387.8187 | H24: =VLOOKUP($H$3,TOD!$B$6:$BP$36,4,0) -> 7390.7274 | I24: =VLOOKUP($I$3,TOD!$B$6:$BP$36,4,0) -> 7266.7859 | J24: =VLOOKUP($J$3,TOD!$B$6:$BP$36,4,0) -> 6354.9674 | K24: =VLOOKUP($K$3,TOD!$B$6:$BP$36,4,0) -> 7160.832 | L24: =VLOOKUP($L$3,TOD!$B$6:$BP$36,4,0) -> 7269.7173 | M24: =VLOOKUP($M$3,TOD!$B$6:$BP$36,4,0) -> 6900.9586 | N24: =VLOOKUP($N$3,TOD!$B$6:$BP$36,4,0) -> 6993.1489 | O24: =VLOOKUP($O$3,TOD!$B$6:$BP$36,4,0) -> 7533.9093 | P24: =VLOOKUP($P$3,TOD!$B$6:$BP$36,4,0) -> 7154.3467 | Q24: =VLOOKUP($Q$3,TOD!$B$6:$BP$36,4,0) -> 7331.4838 | R24: =VLOOKUP($R$3,TOD!$B$6:$BP$36,4,0) -> 7256.064 | S24: =VLOOKUP($S$3,TOD!$B$6:$BP$36,4,0) -> 6963.9123 | T24: =VLOOKUP($T$3,TOD!$B$6:$BP$36,4,0) -> 7019.7426 | U24: =VLOOKUP($U$3,TOD!$B$6:$BP$36,4,0) -> 7071.744 | V24: =VLOOKUP($V$3,TOD!$B$6:$BP$36,4,0) -> 0 | W24: =VLOOKUP($W$3,TOD!$B$6:$BP$36,4,0) -> 0 | X24: =VLOOKUP($X$3,TOD!$B$6:$BP$36,4,0) -> 0 | Y24: =VLOOKUP($Y$3,TOD!$B$6:$BP$36,4,0) -> 0 | Z24: =VLOOKUP($Z$3,TOD!$B$6:$BP$36,4,0) -> 0 | AA24: =VLOOKUP($AA$3,TOD!$B$6:$BP$36,4,0) -> 0 | AB24: =VLOOKUP($AB$3,TOD!$B$6:$BP$36,4,0) -> 0 | AC24: =VLOOKUP($AC$3,TOD!$B$6:$BP$36,4,0) -> 0 | AD24: =VLOOKUP($AD$3,TOD!$B$6:$BP$36,4,0) -> 0 | AE24: =VLOOKUP($AE$3,TOD!$B$6:$BP$36,4,0) -> 0 | AF24: =VLOOKUP($AF$3,TOD!$B$6:$BP$36,4,0) -> 0 | AG24: =VLOOKUP($AG$3,TOD!$B$6:$BP$36,4,0) -> 0 | AH24: =VLOOKUP($AH$3,TOD!$B$6:$BP$36,4,0) -> 0 | AI24: =VLOOKUP($AI$3,TOD!$B$6:$BP$36,3,0) -> 0 | AJ24: =SUM(E24:AI24) -> 109015.16 | AK24: =IFERROR(AJ24/AJ28, "-") -> 0.24234996
C25: Transformer - 1. O/G Breaker10:00 to 18:00 | D25: 10:00 to 18:00 | E25: =VLOOKUP(E$3,TOD!$B$40:$BP$70,5,0) -> 7958.528 | F25: =VLOOKUP(F$3,TOD!$B$40:$BP$70,5,0) -> 8106.6815 | G25: =VLOOKUP(G$3,TOD!$B$40:$BP$70,5,0) -> 8008.0213 | H25: =VLOOKUP(H$3,TOD!$B$40:$BP$70,5,0) -> 8038.1329 | I25: =VLOOKUP(I$3,TOD!$B$40:$BP$70,5,0) -> 8146.5605 | J25: =VLOOKUP(J$3,TOD!$B$40:$BP$70,5,0) -> 6855.6697 | K25: =VLOOKUP(K$3,TOD!$B$40:$BP$70,5,0) -> 7843.84 | L25: =VLOOKUP(L$3,TOD!$B$40:$BP$70,5,0) -> 7620.6822 | ... AI25: =VLOOKUP(AI$3,TOD!$B$40:$BP$70,5,0) -> 0 | AJ25: =SUM(E25:AI25) -> 135128.72 | AK25: =IFERROR(AJ25/AJ28, "-") -> 0.30040263
C26: Transformer - 1. O/G Breaker18:00 to 22:00 | D26: 18:00 to 22:00 | E26: =VLOOKUP(E$3,TOD!$B$75:$BP$105,5,0) -> 4041.728 | F26: =VLOOKUP(F$3,TOD!$B$75:$BP$105,5,0) -> 4157.0838 | G26: =VLOOKUP(G$3,TOD!$B$75:$BP$105,5,0) -> 4248.6354 | H26: =VLOOKUP(H$3,TOD!$B$75:$BP$105,5,0) -> 4197.6431 | I26: =VLOOKUP(I$3,TOD!$B$75:$BP$105,5,0) -> 4244.0951 | J26: =VLOOKUP(J$3,TOD!$B$75:$BP$105,5,0) -> 3939.9958 | K26: =VLOOKUP(K$3,TOD!$B$75:$BP$105,5,0) -> 3871.5511 | L26: =VLOOKUP(L$3,TOD!$B$75:$BP$105,5,0) -> 3957.0031 | ... AI26: =VLOOKUP(AI$3,TOD!$B$75:$BP$105,5,0) -> 0 | AJ26: =SUM(E26:AI26) -> 69693.946 | AK26: =IFERROR(AJ26/AJ28, "-") -> 0.15493556
C27: Transformer - 1. O/G Breaker22:00 to 06:00 | D27: 22:00 to 06:00 | E27: =VLOOKUP(E$3,TOD!$B$109:$BP$139,5,0) -> 8123.7333 | F27: =VLOOKUP(F$3,TOD!$B$109:$BP$139,5,0) -> 8284.8427 | G27: =VLOOKUP(G$3,TOD!$B$109:$BP$139,5,0) -> 8145.5193 | H27: =VLOOKUP(H$3,TOD!$B$109:$BP$139,5,0) -> 8191.6587 | I27: =VLOOKUP(I$3,TOD!$B$109:$BP$139,5,0) -> 8309.8481 | J27: =VLOOKUP(J$3,TOD!$B$109:$BP$139,5,0) -> 7697.9868 | K27: =VLOOKUP(K$3,TOD!$B$109:$BP$139,5,0) -> 7608.8543 | L27: =VLOOKUP(L$3,TOD!$B$109:$BP$139,5,0) -> 7767.04 | ... AI27: =VLOOKUP(AI$3,TOD!$B$109:$BP$139,5,0) -> 0 | AJ27: =SUM(E27:AI27) -> 135987.54 | AK27: =IFERROR(AJ27/AJ28, "-") -> 0.30231185
D28: Total | E28: =SUM(E24:E27) -> 20882.444 | F28: =SUM(F24:F27) -> 21749.153 | G28: =SUM(G24:G27) -> 27789.995 | H28: =SUM(H24:H27) -> 27818.162 | I28: =SUM(I24:I27) -> 27967.29 | J28: =SUM(J24:J27) -> 24848.62 | K28: =SUM(K24:K27) -> 26485.077 | L28: =SUM(L24:L27) -> 26614.443 | ... AI28: =SUM(AI24:AI27) -> 0 | AJ28: =SUM(E28:AI28) -> 449825.37 | AK28: =IFERROR(AJ28/AJ28, "-") -> 1
B29: Transformer - 2. O/G Breaker | C29: Transformer - 2. O/G Breaker06:00 to 10:00 | D29: 06:00 to 10:00 | E29: =VLOOKUP(E$3,TOD!$B$6:$BP$36,7,0) -> 2018.5296 | F29: =VLOOKUP(F$3,TOD!$B$6:$BP$36,7,0) -> 1235.3953 | G29: =VLOOKUP(G$3,TOD!$B$6:$BP$36,7,0) -> 1249.7313 | H29: =VLOOKUP(H$3,TOD!$B$6:$BP$36,7,0) -> 1291.4905 | I29: =VLOOKUP(I$3,TOD!$B$6:$BP$36,7,0) -> 1338.2759 | J29: =VLOOKUP(J$3,TOD!$B$6:$BP$36,7,0) -> 1149.6201 | K29: =VLOOKUP(K$3,TOD!$B$6:$BP$36,7,0) -> 865.57984 | L29: =VLOOKUP(L$3,TOD!$B$6:$BP$36,7,0) -> 1357.2423 | ... AI29: =VLOOKUP(AI$3,TOD!$B$6:$BP$36,7,0) -> 0 | AJ29: =SUM(E29:AI29) -> 22095.689 | AK29: =IFERROR(AJ29/AJ33, "-") -> 0.16506868
C30: Transformer - 2. O/G Breaker10:00 to 18:00 | D30: 10:00 to 18:00 | E30: =VLOOKUP(E$3,TOD!$B$40:$BP$70,7,0) -> 3787.4644 | F30: =VLOOKUP(F$3,TOD!$B$40:$BP$70,7,0) -> 2507.5504 | G30: =VLOOKUP(G$3,TOD!$B$40:$BP$70,7,0) -> 2403.7966 | H30: =VLOOKUP(H$3,TOD!$B$40:$BP$70,7,0) -> 2498.5765 | I30: =VLOOKUP(I$3,TOD!$B$40:$BP$70,7,0) -> 2505.8726 | J30: =VLOOKUP(J$3,TOD!$B$40:$BP$70,7,0) -> 2209.1693 | K30: =VLOOKUP(K$3,TOD!$B$40:$BP$70,7,0) -> 2381.1609 | L30: =VLOOKUP(L$3,TOD!$B$40:$BP$70,7,0) -> 2523.7261 | ... AI30: =VLOOKUP(AI$3,TOD!$B$40:$BP$70,7,0) -> 0 | AJ30: =SUM(E30:AI30) -> 43600.253 | AK30: =IFERROR(AJ30/AJ33, "-") -> 0.32572129
C31: Transformer - 2. O/G Breaker18:00 to 22:00 | D31: 18:00 to 22:00 | E31: =VLOOKUP(E$3,TOD!$B$75:$BP$105,7,0) -> 1786.6709 | F31: =VLOOKUP(F$3,TOD!$B$75:$BP$105,7,0) -> 1226.1272 | G31: =VLOOKUP(G$3,TOD!$B$75:$BP$105,7,0) -> 1365.3912 | H31: =VLOOKUP(H$3,TOD!$B$75:$BP$105,7,0) -> 1324.3444 | I31: =VLOOKUP(I$3,TOD!$B$75:$BP$105,7,0) -> 1316.5979 | J31: =VLOOKUP(J$3,TOD!$B$75:$BP$105,7,0) -> 1249.6965 | K31: =VLOOKUP(K$3,TOD!$B$75:$BP$105,7,0) -> 1344.4336 | L31: =VLOOKUP(L$3,TOD!$B$75:$BP$105,7,0) -> 1440.124 | ... AI31: =VLOOKUP(AI$3,TOD!$B$75:$BP$105,7,0) -> 0 | AJ31: =SUM(E31:AI31) -> 23069.266 | AK31: =IFERROR(AJ31/AJ33, "-") -> 0.17234192
C32: Transformer - 2. O/G Breaker22:00 to 06:00 | D32: 22:00 to 06:00 | E32: =VLOOKUP(E$3,TOD!$B$109:$BP$139,7,0) -> 2789.5496 | F32: =VLOOKUP(F$3,TOD!$B$109:$BP$139,7,0) -> 2571.0384 | G32: =VLOOKUP(G$3,TOD!$B$109:$BP$139,7,0) -> 2609.2908 | H32: =VLOOKUP(H$3,TOD!$B$109:$BP$139,7,0) -> 2569.4123 | I32: =VLOOKUP(I$3,TOD!$B$109:$BP$139,7,0) -> 2681.318 | J32: =VLOOKUP(J$3,TOD!$B$109:$BP$139,7,0) -> 2506.3702 | K32: =VLOOKUP(K$3,TOD!$B$109:$BP$139,7,0) -> 2749.4047 | L32: =VLOOKUP(L$3,TOD!$B$109:$BP$139,7,0) -> 2577.9825 | ... AI32: =VLOOKUP(AI$3,TOD!$B$109:$BP$139,7,0) -> 0 | AJ32: =SUM(E32:AI32) -> 45092.34 | AK32: =IFERROR(AJ32/AJ33, "-") -> 0.33686811
D33: Total | E33: =SUM(E29:E32) -> 10382.215 | F33: =SUM(F29:F32) -> 7540.1112 | G33: =SUM(G29:G32) -> 7628.2099 | H33: =SUM(H29:H32) -> 7683.8236 | I33: =SUM(I29:I32) -> 7842.0644 | J33: =SUM(J29:J32) -> 7114.8561 | K33: =SUM(K29:K32) -> 7340.579 | L33: =SUM(L29:L32) -> 7899.075 | ... AI33: =SUM(AI29:AI32) -> 0 | AJ33: =SUM(E33:AI33) -> 133857.55 | AK33: =IFERROR(AJ33/AJ33, "-") -> 1
B34: Transformer - 3. O/G Breaker | C34: Transformer - 3. O/G Breaker06:00 to 10:00 | D34: 06:00 to 10:00 | E34: =VLOOKUP(E$3,TOD!$B$6:$BP$36,8,0) -> 1470.9428 | F34: =VLOOKUP(F$3,TOD!$B$6:$BP$36,8,0) -> 1518.0044 | G34: =VLOOKUP(G$3,TOD!$B$6:$BP$36,8,0) -> 1562.2422 | H34: =VLOOKUP(H$3,TOD!$B$6:$BP$36,8,0) -> 1491.4786 | I34: =VLOOKUP(I$3,TOD!$B$6:$BP$36,8,0) -> 1481.6412 | J34: =VLOOKUP(J$3,TOD!$B$6:$BP$36,8,0) -> 1274.6161 | K34: =VLOOKUP(K$3,TOD!$B$6:$BP$36,8,0) -> 1524.8922 | L34: =VLOOKUP(L$3,TOD!$B$6:$BP$36,8,0) -> 1503.0932 | ... AI34: =VLOOKUP(AI$3,TOD!$B$6:$BP$36,8,0) -> 0 | AJ34: =SUM(E34:AI34) -> 24929.894 | AK34: =IFERROR(AJ34/AJ38, "-") -> 0.16556302
C35: Transformer - 3. O/G Breaker10:00 to 18:00 | D35: 10:00 to 18:00 | E35: =VLOOKUP(E$3,TOD!$B$40:$BP$70,8,0) -> 2997.0352 | F35: =VLOOKUP(F$3,TOD!$B$40:$BP$70,8,0) -> 3094.9122 | G35: =VLOOKUP(G$3,TOD!$B$40:$BP$70,8,0) -> 2961.8245 | H35: =VLOOKUP(H$3,TOD!$B$40:$BP$70,8,0) -> 2915.4495 | I35: =VLOOKUP(I$3,TOD!$B$40:$BP$70,8,0) -> 2848.8983 | J35: =VLOOKUP(J$3,TOD!$B$40:$BP$70,8,0) -> 2746.3368 | K35: =VLOOKUP(K$3,TOD!$B$40:$BP$70,8,0) -> 2961.3564 | L35: =VLOOKUP(L$3,TOD!$B$40:$BP$70,8,0) -> 2996.3281 | ... AI35: =VLOOKUP(AI$3,TOD!$B$40:$BP$70,8,0) -> 0 | AJ35: =SUM(E35:AI35) -> 49946.536 | AK35: =IFERROR(AJ35/AJ38, "-") -> 0.33170216
C36: Transformer - 3. O/G Breaker18:00 to 22:00 | D36: 18:00 to 22:00 | E36: =VLOOKUP(E$3,TOD!$B$75:$BP$105,8,0) -> 1450.8115 | F36: =VLOOKUP(F$3,TOD!$B$75:$BP$105,8,0) -> 1476.6427 | G36: =VLOOKUP(G$3,TOD!$B$75:$BP$105,8,0) -> 1513.9233 | H36: =VLOOKUP(H$3,TOD!$B$75:$BP$105,8,0) -> 1535.4446 | I36: =VLOOKUP(I$3,TOD!$B$75:$BP$105,8,0) -> 1559.3002 | J36: =VLOOKUP(J$3,TOD!$B$75:$BP$105,8,0) -> 1408.3992 | K36: =VLOOKUP(K$3,TOD!$B$75:$BP$105,8,0) -> 1534.559 | L36: =VLOOKUP(L$3,TOD!$B$75:$BP$105,8,0) -> 1511.7017 | ... AI36: =VLOOKUP(AI$3,TOD!$B$75:$BP$105,8,0) -> 0 | AJ36: =SUM(E36:AI36) -> 25005.564 | AK36: =IFERROR(AJ36/AJ38, "-") -> 0.16606556
C37: Transformer - 3. O/G Breaker22:00 to 06:00 | D37: 22:00 to 06:00 | E37: =VLOOKUP(E$3,TOD!$B$109:$BP$139,8,0) -> 2955.5194 | F37: =VLOOKUP(F$3,TOD!$B$109:$BP$139,8,0) -> 3018.266 | G37: =VLOOKUP(G$3,TOD!$B$109:$BP$139,8,0) -> 2988.5735 | H37: =VLOOKUP(H$3,TOD!$B$109:$BP$139,8,0) -> 3070.2644 | I37: =VLOOKUP(I$3,TOD!$B$109:$BP$139,8,0) -> 2579.2998 | J37: =VLOOKUP(J$3,TOD!$B$109:$BP$139,8,0) -> 3020.3487 | K37: =VLOOKUP(K$3,TOD!$B$109:$BP$139,8,0) -> 3038.0865 | L37: =VLOOKUP(L$3,TOD!$B$109:$BP$139,8,0) -> 2964.2544 | ... AI37: =VLOOKUP(AI$3,TOD!$B$109:$BP$139,8,0) -> 0 | AJ37: =SUM(E37:AI37) -> 50694.465 | AK37: =IFERROR(AJ37/AJ38, "-") -> 0.33666926
D38: Total | E38: =SUM(E34:E37) -> 8874.3089 | F38: =SUM(F34:F37) -> 9107.8254 | G38: =SUM(G34:G37) -> 9026.5635 | H38: =SUM(H34:H37) -> 9012.6371 | I38: =SUM(I34:I37) -> 8469.1395 | J38: =SUM(J34:J37) -> 8449.7009 | K38: =SUM(K34:K37) -> 9058.8941 | L38: =SUM(L34:L37) -> 8975.3774 | ... AI38: =SUM(AI34:AI37) -> 0 | AJ38: =SUM(E38:AI38) -> 150576.46 | AK38: =IFERROR(AJ38/AJ38, "-") -> 1
B39: Transformer - 4. O/G Breaker | C39: Transformer - 4. O/G Breaker06:00 to 10:00 | D39: 06:00 to 10:00 | E39: =VLOOKUP(E$3,TOD!$B$6:$BP$36,9,0) -> 1331.8711 | F39: =VLOOKUP(F$3,TOD!$B$6:$BP$36,9,0) -> 1340.5028 | G39: =VLOOKUP(G$3,TOD!$B$6:$BP$36,9,0) -> 1348.2088 | H39: =VLOOKUP(H$3,TOD!$B$6:$BP$36,9,0) -> 1254.2091 | I39: =VLOOKUP(I$3,TOD!$B$6:$BP$36,9,0) -> 1320.5087 | J39: =VLOOKUP(J$3,TOD!$B$6:$BP$36,9,0) -> 1289.7405 | K39: =VLOOKUP(K$3,TOD!$B$6:$BP$36,9,0) -> 1334.8926 | L39: =VLOOKUP(L$3,TOD!$B$6:$BP$36,9,0) -> 1334.6712 | ... AI39: =VLOOKUP(AI$3,TOD!$B$6:$BP$36,9,0) -> 0 | AJ39: =SUM(E39:AI39) -> 22219.242 | AK39: =IFERROR(AJ39/AJ43, "-") -> 0.16543097
C40: Transformer - 4. O/G Breaker10:00 to 18:00 | D40: 10:00 to 18:00 | E40: =VLOOKUP(E$3,TOD!$B$40:$BP$70,9,0) -> 2644.3408 | F40: =VLOOKUP(F$3,TOD!$B$40:$BP$70,9,0) -> 2673.8549 | G40: =VLOOKUP(G$3,TOD!$B$40:$BP$70,9,0) -> 2592.0738 | H40: =VLOOKUP(H$3,TOD!$B$40:$BP$70,9,0) -> 2520.7062 | I40: =VLOOKUP(I$3,TOD!$B$40:$BP$70,9,0) -> 2601.5427 | J40: =VLOOKUP(J$3,TOD!$B$40:$BP$70,9,0) -> 2629.9233 | K40: =VLOOKUP(K$3,TOD!$B$40:$BP$70,9,0) -> 2678.8264 | L40: =VLOOKUP(L$3,TOD!$B$40:$BP$70,9,0) -> 2639.1431 | ... AI40: =VLOOKUP(AI$3,TOD!$B$40:$BP$70,9,0) -> 0 | AJ40: =SUM(E40:AI40) -> 44054.961 | AK40: =IFERROR(AJ40/AJ43, "-") -> 0.32800647
C41: Transformer - 4. O/G Breaker18:00 to 22:00 | D41: 18:00 to 22:00 | E41: =VLOOKUP(E$3,TOD!$B$75:$BP$105,9,0) -> 1340.7895 | F41: =VLOOKUP(F$3,TOD!$B$75:$BP$105,9,0) -> 1320.0922 | G41: =VLOOKUP(G$3,TOD!$B$75:$BP$105,9,0) -> 1354.2463 | H41: =VLOOKUP(H$3,TOD!$B$75:$BP$105,9,0) -> 1339.1143 | I41: =VLOOKUP(I$3,TOD!$B$75:$BP$105,9,0) -> 1341.1003 | J41: =VLOOKUP(J$3,TOD!$B$75:$BP$105,9,0) -> 1354.2834 | K41: =VLOOKUP(K$3,TOD!$B$75:$BP$105,9,0) -> 1352.5617 | L41: =VLOOKUP(L$3,TOD!$B$75:$BP$105,9,0) -> 1357.423 | ... AI41: =VLOOKUP(AI$3,TOD!$B$75:$BP$105,9,0) -> 0 | AJ41: =SUM(E41:AI41) -> 22527.854 | AK41: =IFERROR(AJ41/AJ43, "-") -> 0.16772872
C42: Transformer - 4. O/G Breaker22:00 to 06:00 | D42: 22:00 to 06:00 | E42: =VLOOKUP(E$3,TOD!$B$109:$BP$139,9,0) -> 2714.9538 | F42: =VLOOKUP(F$3,TOD!$B$109:$BP$139,9,0) -> 2680.4502 | G42: =VLOOKUP(G$3,TOD!$B$109:$BP$139,9,0) -> 2669.0671 | H42: =VLOOKUP(H$3,TOD!$B$109:$BP$139,9,0) -> 2710.7189 | I42: =VLOOKUP(I$3,TOD!$B$109:$BP$139,9,0) -> 2599.7798 | J42: =VLOOKUP(J$3,TOD!$B$109:$BP$139,9,0) -> 2693.5713 | K42: =VLOOKUP(K$3,TOD!$B$109:$BP$139,9,0) -> 2696.1399 | L42: =VLOOKUP(L$3,TOD!$B$109:$BP$139,9,0) -> 2662.072 | ... AI42: =VLOOKUP(AI$3,TOD!$B$109:$BP$139,9,0) -> 0 | AJ42: =SUM(E42:AI42) -> 45509.197 | AK42: =IFERROR(AJ42/AJ43, "-") -> 0.33883383
D43: Total | E43: =SUM(E39:E42) -> 8031.9552 | F43: =SUM(F39:F42) -> 8014.9001 | G43: =SUM(G39:G42) -> 7963.5959 | H43: =SUM(H39:H42) -> 7824.7485 | I43: =SUM(I39:I42) -> 7862.9315 | J43: =SUM(J39:J42) -> 7967.5184 | K43: =SUM(K39:K42) -> 8062.4206 | L43: =SUM(L39:L42) -> 7993.3093 | ... AI43: =SUM(AI39:AI42) -> 0 | AJ43: =SUM(E43:AI43) -> 134311.25 | AK43: =IFERROR(AJ43/AJ43, "-") -> 1
B44: Transformer - 5. O/G Breaker | C44: Transformer - 5. O/G Breaker06:00 to 10:00 | D44: 06:00 to 10:00 | E44: =VLOOKUP(E$3,TOD!$B$6:$BP$36,10,0) -> 1809.3212 | F44: =VLOOKUP(F$3,TOD!$B$6:$BP$36,10,0) -> 1903.2527 | G44: =VLOOKUP(G$3,TOD!$B$6:$BP$36,10,0) -> 1968.1974 | H44: =VLOOKUP(H$3,TOD!$B$6:$BP$36,10,0) -> 2033.3062 | I44: =VLOOKUP(I$3,TOD!$B$6:$BP$36,10,0) -> 1991.0031 | J44: =VLOOKUP(J$3,TOD!$B$6:$BP$36,10,0) -> 1529.0003 | K44: =VLOOKUP(K$3,TOD!$B$6:$BP$36,10,0) -> 2214.1657 | L44: =VLOOKUP(L$3,TOD!$B$6:$BP$36,10,0) -> 1561.7909 | ... AI44: =VLOOKUP(AI$3,TOD!$B$6:$BP$36,10,0) -> 0 | AJ44: =SUM(E44:AI44) -> 30515.682 | AK44: =IFERROR(AJ44/AJ48, "-") -> 0.16473107
C45: Transformer - 5. O/G Breaker10:00 to 18:00 | D45: 10:00 to 18:00 | E45: =VLOOKUP(E$3,TOD!$B$40:$BP$70,10,0) -> 3825.6169 | F45: =VLOOKUP(F$3,TOD!$B$40:$BP$70,10,0) -> 4216.0552 | G45: =VLOOKUP(G$3,TOD!$B$40:$BP$70,10,0) -> 4162.7204 | H45: =VLOOKUP(H$3,TOD!$B$40:$BP$70,10,0) -> 4246.6926 | I45: =VLOOKUP(I$3,TOD!$B$40:$BP$70,10,0) -> 3438.7775 | J45: =VLOOKUP(J$3,TOD!$B$40:$BP$70,10,0) -> 2588.5558 | K45: =VLOOKUP(K$3,TOD!$B$40:$BP$70,10,0) -> 3408.348 | L45: =VLOOKUP(L$3,TOD!$B$40:$BP$70,10,0) -> 3789.7719 | ... AI45: =VLOOKUP(AI$3,TOD!$B$40:$BP$70,10,0) -> 0 | AJ45: =SUM(E45:AI45) -> 64420.493 | AK45: =IFERROR(AJ45/AJ48, "-") -> 0.34775749
C46: Transformer - 5. O/G Breaker18:00 to 22:00 | D46: 18:00 to 22:00 | E46: =VLOOKUP(E$3,TOD!$B$75:$BP$105,10,0) -> 1713.0776 | F46: =VLOOKUP(F$3,TOD!$B$75:$BP$105,10,0) -> 1906.123 | G46: =VLOOKUP(G$3,TOD!$B$75:$BP$105,10,0) -> 2038.6236 | H46: =VLOOKUP(H$3,TOD!$B$75:$BP$105,10,0) -> 2110.8979 | I46: =VLOOKUP(I$3,TOD!$B$75:$BP$105,10,0) -> 1554.3506 | J46: =VLOOKUP(J$3,TOD!$B$75:$BP$105,10,0) -> 1264.7615 | K46: =VLOOKUP(K$3,TOD!$B$75:$BP$105,10,0) -> 1647.1226 | L46: =VLOOKUP(L$3,TOD!$B$75:$BP$105,10,0) -> 2003.4994 | ... AI46: =VLOOKUP(AI$3,TOD!$B$75:$BP$105,10,0) -> 0 | AJ46: =SUM(E46:AI46) -> 30769.082 | AK46: =IFERROR(AJ46/AJ48, "-") -> 0.16609898
C47: Transformer - 5. O/G Breaker22:00 to 06:00 | D47: 22:00 to 06:00 | E47: =VLOOKUP(E$3,TOD!$B$109:$BP$139,10,0) -> 3637.5257 | F47: =VLOOKUP(F$3,TOD!$B$109:$BP$139,10,0) -> 3895.5605 | G47: =VLOOKUP(G$3,TOD!$B$109:$BP$139,10,0) -> 3920.6727 | H47: =VLOOKUP(H$3,TOD!$B$109:$BP$139,10,0) -> 4046.8827 | I47: =VLOOKUP(I$3,TOD!$B$109:$BP$139,10,0) -> 3669.3912 | J47: =VLOOKUP(J$3,TOD!$B$109:$BP$139,10,0) -> 2758.1353 | K47: =VLOOKUP(K$3,TOD!$B$109:$BP$139,10,0) -> 2981.1938 | L47: =VLOOKUP(L$3,TOD!$B$109:$BP$139,10,0) -> 2951.5014 | ... AI47: =VLOOKUP(AI$3,TOD!$B$109:$BP$139,10,0) -> 0 | AJ47: =SUM(E47:AI47) -> 59540.196 | AK47: =IFERROR(AJ47/AJ48, "-") -> 0.32141246
D48: Total | E48: =SUM(E44:E47) -> 10985.541 | F48: =SUM(F44:F47) -> 11920.991 | G48: =SUM(G44:G47) -> 12090.214 | H48: =SUM(H44:H47) -> 12437.779 | I48: =SUM(I44:I47) -> 10653.522 | J48: =SUM(J44:J47) -> 8140.4529 | K48: =SUM(K44:K47) -> 10250.83 | L48: =SUM(L44:L47) -> 10306.564 | ... AI48: =SUM(AI44:AI47) -> 0 | AJ48: =SUM(E48:AI48) -> 185245.45 | AK48: =IFERROR(AJ48/AJ48, "-") -> 1
B49: 11KV DG, Cummins-7 | C49: 11KV DG, Cummins-7 06:00 to 10:00 | D49: 06:00 to 10:00 | E49: =VLOOKUP(E$3,TOD!$B$6:$BP$36,11,0) -> 0 | F49: =VLOOKUP(F$3,TOD!$B$6:$BP$36,11,0) -> 0 | G49: =VLOOKUP(G$3,TOD!$B$6:$BP$36,11,0) -> 0 | H49: =VLOOKUP(H$3,TOD!$B$6:$BP$36,11,0) -> 0 | I49: =VLOOKUP(I$3,TOD!$B$6:$BP$36,11,0) -> 0 | J49: =VLOOKUP(J$3,TOD!$B$6:$BP$36,11,0) -> 0 | K49: =VLOOKUP(K$3,TOD!$B$6:$BP$36,11,0) -> 0 | L49: =VLOOKUP(L$3,TOD!$B$6:$BP$36,11,0) -> 0 | ... AI49: =VLOOKUP(AI$3,TOD!$B$6:$BP$36,11,0) -> 0 | AJ49: =SUM(E49:AI49) -> 0 | AK49: =IFERROR(AJ49/AJ53, "-") -> -
C50: 11KV DG, Cummins-7 10:00 to 18:00 | D50: 10:00 to 18:00 | E50: =VLOOKUP(E$3,TOD!$B$40:$BP$70,11,0) -> 0 | F50: =VLOOKUP(F$3,TOD!$B$40:$BP$70,11,0) -> 0 | G50: =VLOOKUP(G$3,TOD!$B$40:$BP$70,11,0) -> 0 | H50: =VLOOKUP(H$3,TOD!$B$40:$BP$70,11,0) -> 0 | I50: =VLOOKUP(I$3,TOD!$B$40:$BP$70,11,0) -> 0 | J50: =VLOOKUP(J$3,TOD!$B$40:$BP$70,11,0) -> 0 | K50: =VLOOKUP(K$3,TOD!$B$40:$BP$70,11,0) -> 0 | L50: =VLOOKUP(L$3,TOD!$B$40:$BP$70,11,0) -> 0 | ... AI50: =VLOOKUP(AI$3,TOD!$B$40:$BP$70,11,0) -> 0 | AJ50: =SUM(E50:AI50) -> 0 | AK50: =IFERROR(AJ50/AJ53, "-") -> -
C51: 11KV DG, Cummins-7 18:00 to 22:00 | D51: 18:00 to 22:00 | E51: =VLOOKUP(E$3,TOD!$B$75:$BP$105,11,0) -> 0 | F51: =VLOOKUP(F$3,TOD!$B$75:$BP$105,11,0) -> 0 | G51: =VLOOKUP(G$3,TOD!$B$75:$BP$105,11,0) -> 0 | H51: =VLOOKUP(H$3,TOD!$B$75:$BP$105,11,0) -> 0 | I51: =VLOOKUP(I$3,TOD!$B$75:$BP$105,11,0) -> 0 | J51: =VLOOKUP(J$3,TOD!$B$75:$BP$105,11,0) -> 0 | K51: =VLOOKUP(K$3,TOD!$B$75:$BP$105,11,0) -> 0 | L51: =VLOOKUP(L$3,TOD!$B$75:$BP$105,11,0) -> 0 | ... AI51: =VLOOKUP(AI$3,TOD!$B$75:$BP$105,11,0) -> 0 | AJ51: =SUM(E51:AI51) -> 0 | AK51: =IFERROR(AJ51/AJ53, "-") -> -
C52: 11KV DG, Cummins-7 22:00 to 06:00 | D52: 22:00 to 06:00 | E52: =VLOOKUP(E$3,TOD!$B$109:$BP$139,11,0) -> 0 | F52: =VLOOKUP(F$3,TOD!$B$109:$BP$139,11,0) -> 0 | G52: =VLOOKUP(G$3,TOD!$B$109:$BP$139,11,0) -> 0 | H52: =VLOOKUP(H$3,TOD!$B$109:$BP$139,11,0) -> 0 | I52: =VLOOKUP(I$3,TOD!$B$109:$BP$139,11,0) -> 0 | J52: =VLOOKUP(J$3,TOD!$B$109:$BP$139,11,0) -> 0 | K52: =VLOOKUP(K$3,TOD!$B$109:$BP$139,11,0) -> 0 | L52: =VLOOKUP(L$3,TOD!$B$109:$BP$139,11,0) -> 0 | ... AI52: =VLOOKUP(AI$3,TOD!$B$109:$BP$139,11,0) -> 0 | AJ52: =SUM(E52:AI52) -> 0 | AK52: =IFERROR(AJ52/AJ53, "-") -> -
D53: Total | E53: =SUM(E49:E52) -> 0 | F53: =SUM(F49:F52) -> 0 | G53: =SUM(G49:G52) -> 0 | H53: =SUM(H49:H52) -> 0 | I53: =SUM(I49:I52) -> 0 | J53: =SUM(J49:J52) -> 0 | K53: =SUM(K49:K52) -> 0 | L53: =SUM(L49:L52) -> 0 | ... AI53: =SUM(AI49:AI52) -> 0 | AJ53: =SUM(E53:AI53) -> 0 | AK53: =IFERROR(AJ53/AJ53, "-") -> -
B54: 11KV DG, Cummins-6 | C54: 11KV DG, Cummins-6 06:00 to 10:00 | D54: 06:00 to 10:00 | E54: =VLOOKUP(E$3,TOD!$B$6:$BP$36,12,0) -> 0 | F54: =VLOOKUP(F$3,TOD!$B$6:$BP$36,12,0) -> 0 | G54: =VLOOKUP(G$3,TOD!$B$6:$BP$36,12,0) -> 0 | H54: =VLOOKUP(H$3,TOD!$B$6:$BP$36,12,0) -> 0 | I54: =VLOOKUP(I$3,TOD!$B$6:$BP$36,12,0) -> 0 | J54: =VLOOKUP(J$3,TOD!$B$6:$BP$36,12,0) -> 0.064 | K54: =VLOOKUP(K$3,TOD!$B$6:$BP$36,12,0) -> 0 | L54: =VLOOKUP(L$3,TOD!$B$6:$BP$36,12,0) -> 0 | ... AI54: =VLOOKUP(AI$3,TOD!$B$6:$BP$36,12,0) -> 0 | AJ54: =SUM(E54:AI54) -> 0.192 | AK54: =IFERROR(AJ54/AJ58, "-") -> 1
C55: 11KV DG, Cummins-6 10:00 to 18:00 | D55: 10:00 to 18:00 | E55: =VLOOKUP(E$3,TOD!$B$40:$BP$70,12,0) -> 0 | F55: =VLOOKUP(F$3,TOD!$B$40:$BP$70,12,0) -> 0 | G55: =VLOOKUP(G$3,TOD!$B$40:$BP$70,12,0) -> 0 | H55: =VLOOKUP(H$3,TOD!$B$40:$BP$70,12,0) -> 0 | I55: =VLOOKUP(I$3,TOD!$B$40:$BP$70,12,0) -> 0 | J55: =VLOOKUP(J$3,TOD!$B$40:$BP$70,12,0) -> 0 | K55: =VLOOKUP(K$3,TOD!$B$40:$BP$70,12,0) -> 0 | L55: =VLOOKUP(L$3,TOD!$B$40:$BP$70,12,0) -> 0 | ... AI55: =VLOOKUP(AI$3,TOD!$B$40:$BP$70,12,0) -> 0 | AJ55: =SUM(E55:AI55) -> 0 | AK55: =IFERROR(AJ55/AJ58, "-") -> 0
C56: 11KV DG, Cummins-6 18:00 to 22:00 | D56: 18:00 to 22:00 | E56: =VLOOKUP(E$3,TOD!$B$75:$BP$105,12,0) -> 0 | F56: =VLOOKUP(F$3,TOD!$B$75:$BP$105,12,0) -> 0 | G56: =VLOOKUP(G$3,TOD!$B$75:$BP$105,12,0) -> 0 | H56: =VLOOKUP(H$3,TOD!$B$75:$BP$105,12,0) -> 0 | I56: =VLOOKUP(I$3,TOD!$B$75:$BP$105,12,0) -> 0 | J56: =VLOOKUP(J$3,TOD!$B$75:$BP$105,12,0) -> 0 | K56: =VLOOKUP(K$3,TOD!$B$75:$BP$105,12,0) -> 0 | L56: =VLOOKUP(L$3,TOD!$B$75:$BP$105,12,0) -> 0 | ... AI56: =VLOOKUP(AI$3,TOD!$B$75:$BP$105,12,0) -> 0 | AJ56: =SUM(E56:AI56) -> 0 | AK56: =IFERROR(AJ56/AJ58, "-") -> 0
C57: 11KV DG, Cummins-6 22:00 to 06:00 | D57: 22:00 to 06:00 | E57: =VLOOKUP(E$3,TOD!$B$109:$BP$139,12,0) -> 0 | F57: =VLOOKUP(F$3,TOD!$B$109:$BP$139,12,0) -> 0 | G57: =VLOOKUP(G$3,TOD!$B$109:$BP$139,12,0) -> 0 | H57: =VLOOKUP(H$3,TOD!$B$109:$BP$139,12,0) -> 0 | I57: =VLOOKUP(I$3,TOD!$B$109:$BP$139,12,0) -> 0 | J57: =VLOOKUP(J$3,TOD!$B$109:$BP$139,12,0) -> 0 | K57: =VLOOKUP(K$3,TOD!$B$109:$BP$139,12,0) -> 0 | L57: =VLOOKUP(L$3,TOD!$B$109:$BP$139,12,0) -> 0 | ... AI57: =VLOOKUP(AI$3,TOD!$B$109:$BP$139,12,0) -> 0 | AJ57: =SUM(E57:AI57) -> 0 | AK57: =IFERROR(AJ57/AJ58, "-") -> 0
D58: Total | E58: =SUM(E54:E57) -> 0 | F58: =SUM(F54:F57) -> 0 | G58: =SUM(G54:G57) -> 0 | H58: =SUM(H54:H57) -> 0 | I58: =SUM(I54:I57) -> 0 | J58: =SUM(J54:J57) -> 0.064 | K58: =SUM(K54:K57) -> 0 | L58: =SUM(L54:L57) -> 0 | ... AI58: =SUM(AI54:AI57) -> 0 | AJ58: =SUM(E58:AI58) -> 0.192 | AK58: =IFERROR(AJ58/AJ58, "-") -> 1
B59: 11KV DG ControlPanel AMFPowerica | C59: 11KV DG ControlPanel AMFPowerica06:00 to 10:00 | D59: 06:00 to 10:00 | E59: =VLOOKUP(E$3,TOD!$B$6:$BP$36,13,0) -> 0 | F59: =VLOOKUP(F$3,TOD!$B$6:$BP$36,13,0) -> 0 | G59: =VLOOKUP(G$3,TOD!$B$6:$BP$36,13,0) -> 0.128 | H59: =VLOOKUP(H$3,TOD!$B$6:$BP$36,13,0) -> 0 | I59: =VLOOKUP(I$3,TOD!$B$6:$BP$36,13,0) -> 0 | J59: =VLOOKUP(J$3,TOD!$B$6:$BP$36,13,0) -> 0.192 | K59: =VLOOKUP(K$3,TOD!$B$6:$BP$36,13,0) -> 0 | L59: =VLOOKUP(L$3,TOD!$B$6:$BP$36,13,0) -> 0 | ... AI59: =VLOOKUP(AI$3,TOD!$B$6:$BP$36,13,0) -> 0 | AJ59: =SUM(E59:AI59) -> 0.832 | AK59: =IFERROR(AJ59/AJ63, "-") -> 0.92857143
C60: 11KV DG ControlPanel AMFPowerica10:00 to 18:00 | D60: 10:00 to 18:00 | E60: =VLOOKUP(E$3,TOD!$B$40:$BP$70,13,0) -> 0 | F60: =VLOOKUP(F$3,TOD!$B$40:$BP$70,13,0) -> 0 | G60: =VLOOKUP(G$3,TOD!$B$40:$BP$70,13,0) -> 0.064 | H60: =VLOOKUP(H$3,TOD!$B$40:$BP$70,13,0) -> 0 | I60: =VLOOKUP(I$3,TOD!$B$40:$BP$70,13,0) -> 0 | J60: =VLOOKUP(J$3,TOD!$B$40:$BP$70,13,0) -> 0 | K60: =VLOOKUP(K$3,TOD!$B$40:$BP$70,13,0) -> 0 | L60: =VLOOKUP(L$3,TOD!$B$40:$BP$70,13,0) -> 0 | ... AI60: =VLOOKUP(AI$3,TOD!$B$40:$BP$70,13,0) -> 0 | AJ60: =SUM(E60:AI60) -> 0.064 | AK60: =IFERROR(AJ60/AJ63, "-") -> 0.071428571
C61: 11KV DG ControlPanel AMFPowerica18:00 to 22:00 | D61: 18:00 to 22:00 | E61: =VLOOKUP(E$3,TOD!$B$75:$BP$105,13,0) -> 0 | F61: =VLOOKUP(F$3,TOD!$B$75:$BP$105,13,0) -> 0 | G61: =VLOOKUP(G$3,TOD!$B$75:$BP$105,13,0) -> 0 | H61: =VLOOKUP(H$3,TOD!$B$75:$BP$105,13,0) -> 0 | I61: =VLOOKUP(I$3,TOD!$B$75:$BP$105,13,0) -> 0 | J61: =VLOOKUP(J$3,TOD!$B$75:$BP$105,13,0) -> 0 | K61: =VLOOKUP(K$3,TOD!$B$75:$BP$105,13,0) -> 0 | L61: =VLOOKUP(L$3,TOD!$B$75:$BP$105,13,0) -> 0 | ... AI61: =VLOOKUP(AI$3,TOD!$B$75:$BP$105,13,0) -> 0 | AJ61: =SUM(E61:AI61) -> 0 | AK61: =IFERROR(AJ61/AJ63, "-") -> 0
C62: 11KV DG ControlPanel AMFPowerica22:00 to 06:00 | D62: 22:00 to 06:00 | E62: =VLOOKUP(E$3,TOD!$B$109:$BP$139,13,0) -> 0 | F62: =VLOOKUP(F$3,TOD!$B$109:$BP$139,13,0) -> 0 | G62: =VLOOKUP(G$3,TOD!$B$109:$BP$139,13,0) -> 0 | H62: =VLOOKUP(H$3,TOD!$B$109:$BP$139,13,0) -> 0 | I62: =VLOOKUP(I$3,TOD!$B$109:$BP$139,13,0) -> 0 | J62: =VLOOKUP(J$3,TOD!$B$109:$BP$139,13,0) -> 0 | K62: =VLOOKUP(K$3,TOD!$B$109:$BP$139,13,0) -> 0 | L62: =VLOOKUP(L$3,TOD!$B$109:$BP$139,13,0) -> 0 | ... AI62: =VLOOKUP(AI$3,TOD!$B$109:$BP$139,13,0) -> 0 | AJ62: =SUM(E62:AI62) -> 0 | AK62: =IFERROR(AJ62/AJ63, "-") -> 0
D63: Total | E63: =SUM(E59:E62) -> 0 | F63: =SUM(F59:F62) -> 0 | G63: =SUM(G59:G62) -> 0.192 | H63: =SUM(H59:H62) -> 0 | I63: =SUM(I59:I62) -> 0 | J63: =SUM(J59:J62) -> 0.192 | K63: =SUM(K59:K62) -> 0 | L63: =SUM(L59:L62) -> 0 | ... AI63: =SUM(AI59:AI62) -> 0 | AJ63: =SUM(E63:AI63) -> 0.896 | AK63: =IFERROR(AJ63/AJ63, "-") -> 1
B64: Chiller - 4 | C64: Chiller - 406:00 to 10:00 | D64: 06:00 to 10:00 | E64: =VLOOKUP(E$3,TOD!$B$6:$BP$36,14,0) -> 70.066087 | F64: =VLOOKUP(F$3,TOD!$B$6:$BP$36,14,0) -> 109.35652 | G64: =VLOOKUP(G$3,TOD!$B$6:$BP$36,14,0) -> 116.72462 | H64: =VLOOKUP(H$3,TOD!$B$6:$BP$36,14,0) -> 93.450677 | I64: =VLOOKUP(I$3,TOD!$B$6:$BP$36,14,0) -> 71.94713 | J64: =VLOOKUP(J$3,TOD!$B$6:$BP$36,14,0) -> 0 | K64: =VLOOKUP(K$3,TOD!$B$6:$BP$36,14,0) -> 57.344 | L64: =VLOOKUP(L$3,TOD!$B$6:$BP$36,14,0) -> 45.568 | ... AI64: =VLOOKUP(AI$3,TOD!$B$6:$BP$36,14,0) -> 0 | AJ64: =SUM(E64:AI64) -> 1196.0691 | AK64: =IFERROR(AJ64/AJ68, "-") -> 0.1264656
C65: Chiller - 410:00 to 18:00 | D65: 10:00 to 18:00 | E65: =VLOOKUP(E$3,TOD!$B$40:$BP$70,14,0) -> 264.26991 | F65: =VLOOKUP(F$3,TOD!$B$40:$BP$70,14,0) -> 364.288 | G65: =VLOOKUP(G$3,TOD!$B$40:$BP$70,14,0) -> 342.016 | H65: =VLOOKUP(H$3,TOD!$B$40:$BP$70,14,0) -> 336.03641 | I65: =VLOOKUP(I$3,TOD!$B$40:$BP$70,14,0) -> 246.51687 | J65: =VLOOKUP(J$3,TOD!$B$40:$BP$70,14,0) -> 36.864 | K65: =VLOOKUP(K$3,TOD!$B$40:$BP$70,14,0) -> 218.112 | L65: =VLOOKUP(L$3,TOD!$B$40:$BP$70,14,0) -> 238.08 | ... AI65: =VLOOKUP(AI$3,TOD!$B$40:$BP$70,14,0) -> 0 | AJ65: =SUM(E65:AI65) -> 4468.0668 | AK65: =IFERROR(AJ65/AJ68, "-") -> 0.47242816
C66: Chiller - 418:00 to 22:00 | D66: 18:00 to 22:00 | E66: =VLOOKUP(E$3,TOD!$B$75:$BP$105,14,0) -> 43.653565 | F66: =VLOOKUP(F$3,TOD!$B$75:$BP$105,14,0) -> 156.47165 | G66: =VLOOKUP(G$3,TOD!$B$75:$BP$105,14,0) -> 146.62122 | H66: =VLOOKUP(H$3,TOD!$B$75:$BP$105,14,0) -> 97.658435 | I66: =VLOOKUP(I$3,TOD!$B$75:$BP$105,14,0) -> 65.024 | J66: =VLOOKUP(J$3,TOD!$B$75:$BP$105,14,0) -> 8.192 | K66: =VLOOKUP(K$3,TOD!$B$75:$BP$105,14,0) -> 68.608 | L66: =VLOOKUP(L$3,TOD!$B$75:$BP$105,14,0) -> 68.096 | ... AI66: =VLOOKUP(AI$3,TOD!$B$75:$BP$105,14,0) -> 0 | AJ66: =SUM(E66:AI66) -> 1424.0372 | AK66: =IFERROR(AJ66/AJ68, "-") -> 0.15056966
C67: Chiller - 422:00 to 06:00 | D67: 22:00 to 06:00 | E67: =VLOOKUP(E$3,TOD!$B$109:$BP$139,14,0) -> 196.94191 | F67: =VLOOKUP(F$3,TOD!$B$109:$BP$139,14,0) -> 221.90773 | G67: =VLOOKUP(G$3,TOD!$B$109:$BP$139,14,0) -> 194.07326 | H67: =VLOOKUP(H$3,TOD!$B$109:$BP$139,14,0) -> 261.12 | I67: =VLOOKUP(I$3,TOD!$B$109:$BP$139,14,0) -> 72.704 | J67: =VLOOKUP(J$3,TOD!$B$109:$BP$139,14,0) -> 0 | K67: =VLOOKUP(K$3,TOD!$B$109:$BP$139,14,0) -> 146.944 | L67: =VLOOKUP(L$3,TOD!$B$109:$BP$139,14,0) -> 72.192 | ... AI67: =VLOOKUP(AI$3,TOD!$B$109:$BP$139,14,0) -> 0 | AJ67: =SUM(E67:AI67) -> 2369.4909 | AK67: =IFERROR(AJ67/AJ68, "-") -> 0.25053659
D68: Total | E68: =SUM(E64:E67) -> 574.93148 | F68: =SUM(F64:F67) -> 852.0239 | G68: =SUM(G64:G67) -> 799.4351 | H68: =SUM(H64:H67) -> 788.26553 | I68: =SUM(I64:I67) -> 456.192 | J68: =SUM(J64:J67) -> 45.056 | K68: =SUM(K64:K67) -> 491.008 | L68: =SUM(L64:L67) -> 423.936 | ... AI68: =SUM(AI64:AI67) -> 0 | AJ68: =SUM(E68:AI68) -> 9457.664 | AK68: =IFERROR(AJ68/AJ68, "-") -> 1
B69: CDA - 2 | C69: CDA - 206:00 to 10:00 | D69: 06:00 to 10:00 | E69: =VLOOKUP(E$3,TOD!$B$6:$BP$36,15,0) -> 0 | F69: =VLOOKUP(F$3,TOD!$B$6:$BP$36,15,0) -> 0 | G69: =VLOOKUP(G$3,TOD!$B$6:$BP$36,15,0) -> 0 | H69: =VLOOKUP(H$3,TOD!$B$6:$BP$36,15,0) -> 0 | I69: =VLOOKUP(I$3,TOD!$B$6:$BP$36,15,0) -> 0 | J69: =VLOOKUP(J$3,TOD!$B$6:$BP$36,15,0) -> 104.11409 | K69: =VLOOKUP(K$3,TOD!$B$6:$BP$36,15,0) -> 175.50902 | L69: =VLOOKUP(L$3,TOD!$B$6:$BP$36,15,0) -> 401.69258 | ... AI69: =VLOOKUP(AI$3,TOD!$B$6:$BP$36,15,0) -> 0 | AJ69: =SUM(E69:AI69) -> 4275.4941 | AK69: =IFERROR(AJ69/AJ73, "-") -> 0.15746805
C70: CDA - 210:00 to 18:00 | D70: 10:00 to 18:00 | E70: =VLOOKUP(E$3,TOD!$B$40:$BP$70,15,0) -> 0 | F70: =VLOOKUP(F$3,TOD!$B$40:$BP$70,15,0) -> 0 | G70: =VLOOKUP(G$3,TOD!$B$40:$BP$70,15,0) -> 0.512 | H70: =VLOOKUP(H$3,TOD!$B$40:$BP$70,15,0) -> 0 | I70: =VLOOKUP(I$3,TOD!$B$40:$BP$70,15,0) -> 541.7127 | J70: =VLOOKUP(J$3,TOD!$B$40:$BP$70,15,0) -> 730.05078 | K70: =VLOOKUP(K$3,TOD!$B$40:$BP$70,15,0) -> 740.08487 | L70: =VLOOKUP(L$3,TOD!$B$40:$BP$70,15,0) -> 444.13774 | ... AI70: =VLOOKUP(AI$3,TOD!$B$40:$BP$70,15,0) -> 0 | AJ70: =SUM(E70:AI70) -> 8692.1542 | AK70: =IFERROR(AJ70/AJ73, "-") -> 0.3201353
C71: CDA - 218:00 to 22:00 | D71: 18:00 to 22:00 | E71: =VLOOKUP(E$3,TOD!$B$75:$BP$105,15,0) -> 0 | F71: =VLOOKUP(F$3,TOD!$B$75:$BP$105,15,0) -> 0 | G71: =VLOOKUP(G$3,TOD!$B$75:$BP$105,15,0) -> 0 | H71: =VLOOKUP(H$3,TOD!$B$75:$BP$105,15,0) -> 0 | I71: =VLOOKUP(I$3,TOD!$B$75:$BP$105,15,0) -> 401.73264 | J71: =VLOOKUP(J$3,TOD!$B$75:$BP$105,15,0) -> 401.63617 | K71: =VLOOKUP(K$3,TOD!$B$75:$BP$105,15,0) -> 401.63061 | L71: =VLOOKUP(L$3,TOD!$B$75:$BP$105,15,0) -> 105.75026 | ... AI71: =VLOOKUP(AI$3,TOD!$B$75:$BP$105,15,0) -> 0 | AJ71: =SUM(E71:AI71) -> 4310.2144 | AK71: =IFERROR(AJ71/AJ73, "-") -> 0.15874681
C72: CDA - 222:00 to 06:00 | D72: 22:00 to 06:00 | E72: =VLOOKUP(E$3,TOD!$B$109:$BP$139,15,0) -> 0 | F72: =VLOOKUP(F$3,TOD!$B$109:$BP$139,15,0) -> 0 | G72: =VLOOKUP(G$3,TOD!$B$109:$BP$139,15,0) -> 0 | H72: =VLOOKUP(H$3,TOD!$B$109:$BP$139,15,0) -> 0 | I72: =VLOOKUP(I$3,TOD!$B$109:$BP$139,15,0) -> 253.23223 | J72: =VLOOKUP(J$3,TOD!$B$109:$BP$139,15,0) -> 803.41828 | K72: =VLOOKUP(K$3,TOD!$B$109:$BP$139,15,0) -> 801.51299 | L72: =VLOOKUP(L$3,TOD!$B$109:$BP$139,15,0) -> 803.89565 | ... AI72: =VLOOKUP(AI$3,TOD!$B$109:$BP$139,15,0) -> 0 | AJ72: =SUM(E72:AI72) -> 9873.6395 | AK72: =IFERROR(AJ72/AJ73, "-") -> 0.36364984
D73: Total | E73: =SUM(E69:E72) -> 0 | F73: =SUM(F69:F72) -> 0 | G73: =SUM(G69:G72) -> 0.512 | H73: =SUM(H69:H72) -> 0 | I73: =SUM(I69:I72) -> 1196.6776 | J73: =SUM(J69:J72) -> 2039.2193 | K73: =SUM(K69:K72) -> 2118.7375 | L73: =SUM(L69:L72) -> 1755.4762 | ... AI73: =SUM(AI69:AI72) -> 0 | AJ73: =SUM(E73:AI73) -> 27151.502 | AK73: =IFERROR(AJ73/AJ73, "-") -> 1
B74: CDA - 1 | C74: CDA - 106:00 to 10:00 | D74: 06:00 to 10:00 | E74: =VLOOKUP(E$3,TOD!$B$6:$BP$36,16,0) -> 382.13573 | F74: =VLOOKUP(F$3,TOD!$B$6:$BP$36,16,0) -> 382.93828 | G74: =VLOOKUP(G$3,TOD!$B$6:$BP$36,16,0) -> 383.58817 | H74: =VLOOKUP(H$3,TOD!$B$6:$BP$36,16,0) -> 383.62849 | I74: =VLOOKUP(I$3,TOD!$B$6:$BP$36,16,0) -> 382.92035 | J74: =VLOOKUP(J$3,TOD!$B$6:$BP$36,16,0) -> 389.1033 | K74: =VLOOKUP(K$3,TOD!$B$6:$BP$36,16,0) -> 387.03304 | L74: =VLOOKUP(L$3,TOD!$B$6:$BP$36,16,0) -> 387.67712 | ... AI74: =VLOOKUP(AI$3,TOD!$B$6:$BP$36,16,0) -> 0 | AJ74: =SUM(E74:AI74) -> 5014.5272 | AK74: =IFERROR(AJ74/AJ78, "-") -> 0.17560202
C75: CDA - 110:00 to 18:00 | D75: 10:00 to 18:00 | E75: =VLOOKUP(E$3,TOD!$B$40:$BP$70,16,0) -> 761.47593 | F75: =VLOOKUP(F$3,TOD!$B$40:$BP$70,16,0) -> 763.78033 | G75: =VLOOKUP(G$3,TOD!$B$40:$BP$70,16,0) -> 764.09322 | H75: =VLOOKUP(H$3,TOD!$B$40:$BP$70,16,0) -> 764.70042 | I75: =VLOOKUP(I$3,TOD!$B$40:$BP$70,16,0) -> 769.10748 | J75: =VLOOKUP(J$3,TOD!$B$40:$BP$70,16,0) -> 776.3033 | K75: =VLOOKUP(K$3,TOD!$B$40:$BP$70,16,0) -> 773.79339 | L75: =VLOOKUP(L$3,TOD!$B$40:$BP$70,16,0) -> 771.27111 | ... AI75: =VLOOKUP(AI$3,TOD!$B$40:$BP$70,16,0) -> 0 | AJ75: =SUM(E75:AI75) -> 9652.3565 | AK75: =IFERROR(AJ75/AJ78, "-") -> 0.33801258
C76: CDA - 118:00 to 22:00 | D76: 18:00 to 22:00 | E76: =VLOOKUP(E$3,TOD!$B$75:$BP$105,16,0) -> 382.02598 | F76: =VLOOKUP(F$3,TOD!$B$75:$BP$105,16,0) -> 381.81843 | G76: =VLOOKUP(G$3,TOD!$B$75:$BP$105,16,0) -> 381.85183 | H76: =VLOOKUP(H$3,TOD!$B$75:$BP$105,16,0) -> 383.59807 | I76: =VLOOKUP(I$3,TOD!$B$75:$BP$105,16,0) -> 387.92348 | J76: =VLOOKUP(J$3,TOD!$B$75:$BP$105,16,0) -> 388.0793 | K76: =VLOOKUP(K$3,TOD!$B$75:$BP$105,16,0) -> 387.75652 | L76: =VLOOKUP(L$3,TOD!$B$75:$BP$105,16,0) -> 386.61689 | ... AI76: =VLOOKUP(AI$3,TOD!$B$75:$BP$105,16,0) -> 0 | AJ76: =SUM(E76:AI76) -> 4628.1249 | AK76: =IFERROR(AJ76/AJ78, "-") -> 0.16207073
C77: CDA - 122:00 to 06:00 | D77: 22:00 to 06:00 | E77: =VLOOKUP(E$3,TOD!$B$109:$BP$139,16,0) -> 764.54957 | F77: =VLOOKUP(F$3,TOD!$B$109:$BP$139,16,0) -> 764.59409 | G77: =VLOOKUP(G$3,TOD!$B$109:$BP$139,16,0) -> 765.44917 | H77: =VLOOKUP(H$3,TOD!$B$109:$BP$139,16,0) -> 765.8308 | I77: =VLOOKUP(I$3,TOD!$B$109:$BP$139,16,0) -> 774.71165 | J77: =VLOOKUP(J$3,TOD!$B$109:$BP$139,16,0) -> 776.03061 | K77: =VLOOKUP(K$3,TOD!$B$109:$BP$139,16,0) -> 775.89853 | L77: =VLOOKUP(L$3,TOD!$B$109:$BP$139,16,0) -> 775.98609 | ... AI77: =VLOOKUP(AI$3,TOD!$B$109:$BP$139,16,0) -> 0 | AJ77: =SUM(E77:AI77) -> 9261.196 | AK77: =IFERROR(AJ77/AJ78, "-") -> 0.32431467
D78: Total | E78: =SUM(E74:E77) -> 2290.1872 | F78: =SUM(F74:F77) -> 2293.1311 | G78: =SUM(G74:G77) -> 2294.9824 | H78: =SUM(H74:H77) -> 2297.7578 | I78: =SUM(I74:I77) -> 2314.663 | J78: =SUM(J74:J77) -> 2329.5165 | K78: =SUM(K74:K77) -> 2324.4815 | L78: =SUM(L74:L77) -> 2321.5512 | ... AI78: =SUM(AI74:AI77) -> 0 | AJ78: =SUM(E78:AI78) -> 28556.205 | AK78: =IFERROR(AJ78/AJ78, "-") -> 1
B79: PMCC HVAC High Side | C79: PMCC HVAC High Side06:00 to 10:00 | D79: 06:00 to 10:00 | E79: =VLOOKUP(E$3,TOD!$B$6:$BP$36,17,0) -> 262.28647 | F79: =VLOOKUP(F$3,TOD!$B$6:$BP$36,17,0) -> 221.20626 | G79: =VLOOKUP(G$3,TOD!$B$6:$BP$36,17,0) -> 192.35617 | H79: =VLOOKUP(H$3,TOD!$B$6:$BP$36,17,0) -> 280.50742 | I79: =VLOOKUP(I$3,TOD!$B$6:$BP$36,17,0) -> 177.01843 | J79: =VLOOKUP(J$3,TOD!$B$6:$BP$36,17,0) -> 160.48477 | K79: =VLOOKUP(K$3,TOD!$B$6:$BP$36,17,0) -> 149.81565 | L79: =VLOOKUP(L$3,TOD!$B$6:$BP$36,17,0) -> 146.47905 | ... AI79: =VLOOKUP(AI$3,TOD!$B$6:$BP$36,17,0) -> 0 | AJ79: =SUM(E79:AI79) -> 2981.8362 | AK79: =IFERROR(AJ79/AJ83, "-") -> 0.14336696
C80: PMCC HVAC High Side10:00 to 18:00 | D80: 10:00 to 18:00 | E80: =VLOOKUP(E$3,TOD!$B$40:$BP$70,17,0) -> 229.3692 | F80: =VLOOKUP(F$3,TOD!$B$40:$BP$70,17,0) -> 193.69183 | G80: =VLOOKUP(G$3,TOD!$B$40:$BP$70,17,0) -> 288.90157 | H80: =VLOOKUP(H$3,TOD!$B$40:$BP$70,17,0) -> 247.18533 | I80: =VLOOKUP(I$3,TOD!$B$40:$BP$70,17,0) -> 185.93564 | J80: =VLOOKUP(J$3,TOD!$B$40:$BP$70,17,0) -> 179.13322 | K80: =VLOOKUP(K$3,TOD!$B$40:$BP$70,17,0) -> 315.79506 | L80: =VLOOKUP(L$3,TOD!$B$40:$BP$70,17,0) -> 152.62052 | ... AI80: =VLOOKUP(AI$3,TOD!$B$40:$BP$70,17,0) -> 0 | AJ80: =SUM(E80:AI80) -> 3093.3458 | AK80: =IFERROR(AJ80/AJ83, "-") -> 0.14872835
C81: PMCC HVAC High Side18:00 to 22:00 | D81: 18:00 to 22:00 | E81: =VLOOKUP(E$3,TOD!$B$75:$BP$105,17,0) -> 307.21224 | F81: =VLOOKUP(F$3,TOD!$B$75:$BP$105,17,0) -> 306.37635 | G81: =VLOOKUP(G$3,TOD!$B$75:$BP$105,17,0) -> 360.31443 | H81: =VLOOKUP(H$3,TOD!$B$75:$BP$105,17,0) -> 288.43953 | I81: =VLOOKUP(I$3,TOD!$B$75:$BP$105,17,0) -> 285.83896 | J81: =VLOOKUP(J$3,TOD!$B$75:$BP$105,17,0) -> 280.60939 | K81: =VLOOKUP(K$3,TOD!$B$75:$BP$105,17,0) -> 276.62233 | L81: =VLOOKUP(L$3,TOD!$B$75:$BP$105,17,0) -> 274.3207 | ... AI81: =VLOOKUP(AI$3,TOD!$B$75:$BP$105,17,0) -> 0 | AJ81: =SUM(E81:AI81) -> 4924.0457 | AK81: =IFERROR(AJ81/AJ83, "-") -> 0.23674857
C82: PMCC HVAC High Side22:00 to 06:00 | D82: 22:00 to 06:00 | E82: =VLOOKUP(E$3,TOD!$B$109:$BP$139,17,0) -> 612.65821 | F82: =VLOOKUP(F$3,TOD!$B$109:$BP$139,17,0) -> 613.62087 | G82: =VLOOKUP(G$3,TOD!$B$109:$BP$139,17,0) -> 727.48094 | H82: =VLOOKUP(H$3,TOD!$B$109:$BP$139,17,0) -> 576.71235 | I82: =VLOOKUP(I$3,TOD!$B$109:$BP$139,17,0) -> 558.14063 | J82: =VLOOKUP(J$3,TOD!$B$109:$BP$139,17,0) -> 551.65774 | K82: =VLOOKUP(K$3,TOD!$B$109:$BP$139,17,0) -> 546.22356 | L82: =VLOOKUP(L$3,TOD!$B$109:$BP$139,17,0) -> 546.30252 | ... AI82: =VLOOKUP(AI$3,TOD!$B$109:$BP$139,17,0) -> 0 | AJ82: =SUM(E82:AI82) -> 9799.401 | AK82: =IFERROR(AJ82/AJ83, "-") -> 0.47115611
D83: Total | E83: =SUM(E79:E82) -> 1411.5261 | F83: =SUM(F79:F82) -> 1334.8953 | G83: =SUM(G79:G82) -> 1569.0531 | H83: =SUM(H79:H82) -> 1392.8446 | I83: =SUM(I79:I82) -> 1206.9337 | J83: =SUM(J79:J82) -> 1171.8851 | K83: =SUM(K79:K82) -> 1288.4566 | L83: =SUM(L79:L82) -> 1119.7228 | ... AI83: =SUM(AI79:AI82) -> 0 | AJ83: =SUM(E83:AI83) -> 20798.629 | AK83: =IFERROR(AJ83/AJ83, "-") -> 1
B84: UPW Panel | C84: UPW Panel06:00 to 10:00 | D84: 06:00 to 10:00 | E84: =VLOOKUP(E$3,TOD!$B$6:$BP$36,18,0) -> 0 | F84: =VLOOKUP(F$3,TOD!$B$6:$BP$36,18,0) -> 0 | G84: =VLOOKUP(G$3,TOD!$B$6:$BP$36,18,0) -> 0 | H84: =VLOOKUP(H$3,TOD!$B$6:$BP$36,18,0) -> 0 | I84: =VLOOKUP(I$3,TOD!$B$6:$BP$36,18,0) -> 0 | J84: =VLOOKUP(J$3,TOD!$B$6:$BP$36,18,0) -> 0 | K84: =VLOOKUP(K$3,TOD!$B$6:$BP$36,18,0) -> 0 | L84: =VLOOKUP(L$3,TOD!$B$6:$BP$36,18,0) -> 0 | ... AI84: =VLOOKUP(AI$3,TOD!$B$6:$BP$36,18,0) -> 0 | AJ84: =SUM(E84:AI84) -> 0 | AK84: =IFERROR(AJ84/AJ88, "-") -> -
C85: UPW Panel10:00 to 18:00 | D85: 10:00 to 18:00 | E85: =VLOOKUP(E$3,TOD!$B$40:$BP$70,18,0) -> 0 | F85: =VLOOKUP(F$3,TOD!$B$40:$BP$70,18,0) -> 0 | G85: =VLOOKUP(G$3,TOD!$B$40:$BP$70,18,0) -> 0 | H85: =VLOOKUP(H$3,TOD!$B$40:$BP$70,18,0) -> 0 | I85: =VLOOKUP(I$3,TOD!$B$40:$BP$70,18,0) -> 0 | J85: =VLOOKUP(J$3,TOD!$B$40:$BP$70,18,0) -> 0 | K85: =VLOOKUP(K$3,TOD!$B$40:$BP$70,18,0) -> 0 | L85: =VLOOKUP(L$3,TOD!$B$40:$BP$70,18,0) -> 0 | ... AI85: =VLOOKUP(AI$3,TOD!$B$40:$BP$70,18,0) -> 0 | AJ85: =SUM(E85:AI85) -> 0 | AK85: =IFERROR(AJ85/AJ88, "-") -> -
C86: UPW Panel18:00 to 22:00 | D86: 18:00 to 22:00 | E86: =VLOOKUP(E$3,TOD!$B$75:$BP$105,18,0) -> 0 | F86: =VLOOKUP(F$3,TOD!$B$75:$BP$105,18,0) -> 0 | G86: =VLOOKUP(G$3,TOD!$B$75:$BP$105,18,0) -> 0 | H86: =VLOOKUP(H$3,TOD!$B$75:$BP$105,18,0) -> 0 | I86: =VLOOKUP(I$3,TOD!$B$75:$BP$105,18,0) -> 0 | J86: =VLOOKUP(J$3,TOD!$B$75:$BP$105,18,0) -> 0 | K86: =VLOOKUP(K$3,TOD!$B$75:$BP$105,18,0) -> 0 | L86: =VLOOKUP(L$3,TOD!$B$75:$BP$105,18,0) -> 0 | ... AI86: =VLOOKUP(AI$3,TOD!$B$75:$BP$105,18,0) -> 0 | AJ86: =SUM(E86:AI86) -> 0 | AK86: =IFERROR(AJ86/AJ88, "-") -> -
C87: UPW Panel22:00 to 06:00 | D87: 22:00 to 06:00 | E87: =VLOOKUP(E$3,TOD!$B$109:$BP$139,18,0) -> 0 | F87: =VLOOKUP(F$3,TOD!$B$109:$BP$139,18,0) -> 0 | G87: =VLOOKUP(G$3,TOD!$B$109:$BP$139,18,0) -> 0 | H87: =VLOOKUP(H$3,TOD!$B$109:$BP$139,18,0) -> 0 | I87: =VLOOKUP(I$3,TOD!$B$109:$BP$139,18,0) -> 0 | J87: =VLOOKUP(J$3,TOD!$B$109:$BP$139,18,0) -> 0 | K87: =VLOOKUP(K$3,TOD!$B$109:$BP$139,18,0) -> 0 | L87: =VLOOKUP(L$3,TOD!$B$109:$BP$139,18,0) -> 0 | ... AI87: =VLOOKUP(AI$3,TOD!$B$109:$BP$139,18,0) -> 0 | AJ87: =SUM(E87:AI87) -> 0 | AK87: =IFERROR(AJ87/AJ88, "-") -> -
D88: Total | E88: =SUM(E84:E87) -> 0 | F88: =SUM(F84:F87) -> 0 | G88: =SUM(G84:G87) -> 0 | H88: =SUM(H84:H87) -> 0 | I88: =SUM(I84:I87) -> 0 | J88: =SUM(J84:J87) -> 0 | K88: =SUM(K84:K87) -> 0 | L88: =SUM(L84:L87) -> 0 | ... AI88: =SUM(AI84:AI87) -> 0 | AJ88: =SUM(E88:AI88) -> 0 | AK88: =IFERROR(AJ88/AJ88, "-") -> -
B89: Chiller - 3 | C89: Chiller - 306:00 to 10:00 | D89: 06:00 to 10:00 | E89: =VLOOKUP(E$3,TOD!$B$6:$BP$36,19,0) -> 0 | F89: =VLOOKUP(F$3,TOD!$B$6:$BP$36,19,0) -> 0 | G89: =VLOOKUP(G$3,TOD!$B$6:$BP$36,19,0) -> 0 | H89: =VLOOKUP(H$3,TOD!$B$6:$BP$36,19,0) -> 0 | I89: =VLOOKUP(I$3,TOD!$B$6:$BP$36,19,0) -> 0 | J89: =VLOOKUP(J$3,TOD!$B$6:$BP$36,19,0) -> 0 | K89: =VLOOKUP(K$3,TOD!$B$6:$BP$36,19,0) -> 0 | L89: =VLOOKUP(L$3,TOD!$B$6:$BP$36,19,0) -> 0 | ... AI89: =VLOOKUP(AI$3,TOD!$B$6:$BP$36,19,0) -> 0 | AJ89: =SUM(E89:AI89) -> 0 | AK89: =IFERROR(AJ89/AJ93, "-") -> -
C90: Chiller - 310:00 to 18:00 | D90: 10:00 to 18:00 | E90: =VLOOKUP(E$3,TOD!$B$40:$BP$70,19,0) -> 0 | F90: =VLOOKUP(F$3,TOD!$B$40:$BP$70,19,0) -> 0 | G90: =VLOOKUP(G$3,TOD!$B$40:$BP$70,19,0) -> 0 | H90: =VLOOKUP(H$3,TOD!$B$40:$BP$70,19,0) -> 0 | I90: =VLOOKUP(I$3,TOD!$B$40:$BP$70,19,0) -> 0 | J90: =VLOOKUP(J$3,TOD!$B$40:$BP$70,19,0) -> 0 | K90: =VLOOKUP(K$3,TOD!$B$40:$BP$70,19,0) -> 0 | L90: =VLOOKUP(L$3,TOD!$B$40:$BP$70,19,0) -> 0 | ... AI90: =VLOOKUP(AI$3,TOD!$B$40:$BP$70,19,0) -> 0 | AJ90: =SUM(E90:AI90) -> 0 | AK90: =IFERROR(AJ90/AJ93, "-") -> -
C91: Chiller - 318:00 to 22:00 | D91: 18:00 to 22:00 | E91: =VLOOKUP(E$3,TOD!$B$75:$BP$105,19,0) -> 0 | F91: =VLOOKUP(F$3,TOD!$B$75:$BP$105,19,0) -> 0 | G91: =VLOOKUP(G$3,TOD!$B$75:$BP$105,19,0) -> 0 | H91: =VLOOKUP(H$3,TOD!$B$75:$BP$105,19,0) -> 0 | I91: =VLOOKUP(I$3,TOD!$B$75:$BP$105,19,0) -> 0 | J91: =VLOOKUP(J$3,TOD!$B$75:$BP$105,19,0) -> 0 | K91: =VLOOKUP(K$3,TOD!$B$75:$BP$105,19,0) -> 0 | L91: =VLOOKUP(L$3,TOD!$B$75:$BP$105,19,0) -> 0 | ... AI91: =VLOOKUP(AI$3,TOD!$B$75:$BP$105,19,0) -> 0 | AJ91: =SUM(E91:AI91) -> 0 | AK91: =IFERROR(AJ91/AJ93, "-") -> -
C92: Chiller - 322:00 to 06:00 | D92: 22:00 to 06:00 | E92: =VLOOKUP(E$3,TOD!$B$109:$BP$139,19,0) -> 0 | F92: =VLOOKUP(F$3,TOD!$B$109:$BP$139,19,0) -> 0 | G92: =VLOOKUP(G$3,TOD!$B$109:$BP$139,19,0) -> 0 | H92: =VLOOKUP(H$3,TOD!$B$109:$BP$139,19,0) -> 0 | I92: =VLOOKUP(I$3,TOD!$B$109:$BP$139,19,0) -> 0 | J92: =VLOOKUP(J$3,TOD!$B$109:$BP$139,19,0) -> 0 | K92: =VLOOKUP(K$3,TOD!$B$109:$BP$139,19,0) -> 0 | L92: =VLOOKUP(L$3,TOD!$B$109:$BP$139,19,0) -> 0 | ... AI92: =VLOOKUP(AI$3,TOD!$B$109:$BP$139,19,0) -> 0 | AJ92: =SUM(E92:AI92) -> 0 | AK92: =IFERROR(AJ92/AJ93, "-") -> -
D93: Total | E93: =SUM(E89:E92) -> 0 | F93: =SUM(F89:F92) -> 0 | G93: =SUM(G89:G92) -> 0 | H93: =SUM(H89:H92) -> 0 | I93: =SUM(I89:I92) -> 0 | J93: =SUM(J89:J92) -> 0 | K93: =SUM(K89:K92) -> 0 | L93: =SUM(L89:L92) -> 0 | ... AI93: =SUM(AI89:AI92) -> 0 | AJ93: =SUM(E93:AI93) -> 0 | AK93: =IFERROR(AJ93/AJ93, "-") -> -
B94: Chiller - 2 | C94: Chiller - 206:00 to 10:00 | D94: 06:00 to 10:00 | E94: =VLOOKUP(E$3,TOD!$B$6:$BP$36,20,0) -> 0 | F94: =VLOOKUP(F$3,TOD!$B$6:$BP$36,20,0) -> 448.69009 | G94: =VLOOKUP(G$3,TOD!$B$6:$BP$36,20,0) -> 504.6873 | H94: =VLOOKUP(H$3,TOD!$B$6:$BP$36,20,0) -> 440.07363 | I94: =VLOOKUP(I$3,TOD!$B$6:$BP$36,20,0) -> 409.25496 | J94: =VLOOKUP(J$3,TOD!$B$6:$BP$36,20,0) -> 386.89391 | K94: =VLOOKUP(K$3,TOD!$B$6:$BP$36,20,0) -> 381.4515 | L94: =VLOOKUP(L$3,TOD!$B$6:$BP$36,20,0) -> 444.42292 | ... AI94: =VLOOKUP(AI$3,TOD!$B$6:$BP$36,20,0) -> 0 | AJ94: =SUM(E94:AI94) -> 7239.5751 | AK94: =IFERROR(AJ94/AJ98, "-") -> 0.14096283
C95: Chiller - 210:00 to 18:00 | D95: 10:00 to 18:00 | E95: =VLOOKUP(E$3,TOD!$B$40:$BP$70,20,0) -> 115.712 | F95: =VLOOKUP(F$3,TOD!$B$40:$BP$70,20,0) -> 1278.3809 | G95: =VLOOKUP(G$3,TOD!$B$40:$BP$70,20,0) -> 1251.1833 | H95: =VLOOKUP(H$3,TOD!$B$40:$BP$70,20,0) -> 1110.5948 | I95: =VLOOKUP(I$3,TOD!$B$40:$BP$70,20,0) -> 1129.8504 | J95: =VLOOKUP(J$3,TOD!$B$40:$BP$70,20,0) -> 1135.2376 | K95: =VLOOKUP(K$3,TOD!$B$40:$BP$70,20,0) -> 992.31059 | L95: =VLOOKUP(L$3,TOD!$B$40:$BP$70,20,0) -> 1148.1377 | ... AI95: =VLOOKUP(AI$3,TOD!$B$40:$BP$70,20,0) -> 0 | AJ95: =SUM(E95:AI95) -> 19960.711 | AK95: =IFERROR(AJ95/AJ98, "-") -> 0.38865794
C96: Chiller - 218:00 to 22:00 | D96: 18:00 to 22:00 | E96: =VLOOKUP(E$3,TOD!$B$75:$BP$105,20,0) -> 0 | F96: =VLOOKUP(F$3,TOD!$B$75:$BP$105,20,0) -> 516.37946 | G96: =VLOOKUP(G$3,TOD!$B$75:$BP$105,20,0) -> 563.51165 | H96: =VLOOKUP(H$3,TOD!$B$75:$BP$105,20,0) -> 446.98713 | I96: =VLOOKUP(I$3,TOD!$B$75:$BP$105,20,0) -> 467.03898 | J96: =VLOOKUP(J$3,TOD!$B$75:$BP$105,20,0) -> 486.912 | K96: =VLOOKUP(K$3,TOD!$B$75:$BP$105,20,0) -> 441.0835 | L96: =VLOOKUP(L$3,TOD!$B$75:$BP$105,20,0) -> 461.84626 | ... AI96: =VLOOKUP(AI$3,TOD!$B$75:$BP$105,20,0) -> 0 | AJ96: =SUM(E96:AI96) -> 8659.556 | AK96: =IFERROR(AJ96/AJ98, "-") -> 0.16861149
C97: Chiller - 222:00 to 06:00 | D97: 22:00 to 06:00 | E97: =VLOOKUP(E$3,TOD!$B$109:$BP$139,20,0) -> 665.26609 | F97: =VLOOKUP(F$3,TOD!$B$109:$BP$139,20,0) -> 1000.8376 | G97: =VLOOKUP(G$3,TOD!$B$109:$BP$139,20,0) -> 880.4189 | H97: =VLOOKUP(H$3,TOD!$B$109:$BP$139,20,0) -> 847.94991 | I97: =VLOOKUP(I$3,TOD!$B$109:$BP$139,20,0) -> 832.63963 | J97: =VLOOKUP(J$3,TOD!$B$109:$BP$139,20,0) -> 818.05876 | K97: =VLOOKUP(K$3,TOD!$B$109:$BP$139,20,0) -> 869.58056 | L97: =VLOOKUP(L$3,TOD!$B$109:$BP$139,20,0) -> 858.66852 | ... AI97: =VLOOKUP(AI$3,TOD!$B$109:$BP$139,20,0) -> 0 | AJ97: =SUM(E97:AI97) -> 15498.199 | AK97: =IFERROR(AJ97/AJ98, "-") -> 0.30176773
D98: Total | E98: =SUM(E94:E97) -> 780.97809 | F98: =SUM(F94:F97) -> 3244.288 | G98: =SUM(G94:G97) -> 3199.8012 | H98: =SUM(H94:H97) -> 2845.6055 | I98: =SUM(I94:I97) -> 2838.784 | J98: =SUM(J94:J97) -> 2827.1022 | K98: =SUM(K94:K97) -> 2684.4261 | L98: =SUM(L94:L97) -> 2913.0754 | ... AI98: =SUM(AI94:AI97) -> 0 | AJ98: =SUM(E98:AI98) -> 51358.041 | AK98: =IFERROR(AJ98/AJ98, "-") -> 1
B99: Chiller - 1 | C99: Chiller - 106:00 to 10:00 | D99: 06:00 to 10:00 | E99: =VLOOKUP(E$3,TOD!$B$6:$BP$36,21,0) -> 697.19876 | F99: =VLOOKUP(F$3,TOD!$B$6:$BP$36,21,0) -> 0 | G99: =VLOOKUP(G$3,TOD!$B$6:$BP$36,21,0) -> 0 | H99: =VLOOKUP(H$3,TOD!$B$6:$BP$36,21,0) -> 0 | I99: =VLOOKUP(I$3,TOD!$B$6:$BP$36,21,0) -> 0 | J99: =VLOOKUP(J$3,TOD!$B$6:$BP$36,21,0) -> 0 | K99: =VLOOKUP(K$3,TOD!$B$6:$BP$36,21,0) -> 0 | L99: =VLOOKUP(L$3,TOD!$B$6:$BP$36,21,0) -> 0 | ... AI99: =VLOOKUP(AI$3,TOD!$B$6:$BP$36,21,0) -> 0 | AJ99: =SUM(E99:AI99) -> 697.19876 | AK99: =IFERROR(AJ99/AJ103, "-") -> 0.24672401
C100: Chiller - 110:00 to 18:00 | D100: 10:00 to 18:00 | E100: =VLOOKUP(E$3,TOD!$B$40:$BP$70,21,0) -> 1276.2047 | F100: =VLOOKUP(F$3,TOD!$B$40:$BP$70,21,0) -> 0 | G100: =VLOOKUP(G$3,TOD!$B$40:$BP$70,21,0) -> 0 | H100: =VLOOKUP(H$3,TOD!$B$40:$BP$70,21,0) -> 0 | I100: =VLOOKUP(I$3,TOD!$B$40:$BP$70,21,0) -> 0 | J100: =VLOOKUP(J$3,TOD!$B$40:$BP$70,21,0) -> 0 | K100: =VLOOKUP(K$3,TOD!$B$40:$BP$70,21,0) -> 0 | L100: =VLOOKUP(L$3,TOD!$B$40:$BP$70,21,0) -> 0 | ... AI100: =VLOOKUP(AI$3,TOD!$B$40:$BP$70,21,0) -> 0 | AJ100: =SUM(E100:AI100) -> 1276.2047 | AK100: =IFERROR(AJ100/AJ103, "-") -> 0.45162207
C101: Chiller - 118:00 to 22:00 | D101: 18:00 to 22:00 | E101: =VLOOKUP(E$3,TOD!$B$75:$BP$105,21,0) -> 573.45211 | F101: =VLOOKUP(F$3,TOD!$B$75:$BP$105,21,0) -> 0 | G101: =VLOOKUP(G$3,TOD!$B$75:$BP$105,21,0) -> 0 | H101: =VLOOKUP(H$3,TOD!$B$75:$BP$105,21,0) -> 0 | I101: =VLOOKUP(I$3,TOD!$B$75:$BP$105,21,0) -> 0 | J101: =VLOOKUP(J$3,TOD!$B$75:$BP$105,21,0) -> 0 | K101: =VLOOKUP(K$3,TOD!$B$75:$BP$105,21,0) -> 0 | L101: =VLOOKUP(L$3,TOD!$B$75:$BP$105,21,0) -> 0 | ... AI101: =VLOOKUP(AI$3,TOD!$B$75:$BP$105,21,0) -> 0 | AJ101: =SUM(E101:AI101) -> 573.45211 | AK101: =IFERROR(AJ101/AJ103, "-") -> 0.20293267
C102: Chiller - 122:00 to 06:00 | D102: 22:00 to 06:00 | E102: =VLOOKUP(E$3,TOD!$B$109:$BP$139,21,0) -> 278.96894 | F102: =VLOOKUP(F$3,TOD!$B$109:$BP$139,21,0) -> 0 | G102: =VLOOKUP(G$3,TOD!$B$109:$BP$139,21,0) -> 0 | H102: =VLOOKUP(H$3,TOD!$B$109:$BP$139,21,0) -> 0 | I102: =VLOOKUP(I$3,TOD!$B$109:$BP$139,21,0) -> 0 | J102: =VLOOKUP(J$3,TOD!$B$109:$BP$139,21,0) -> 0 | K102: =VLOOKUP(K$3,TOD!$B$109:$BP$139,21,0) -> 0 | L102: =VLOOKUP(L$3,TOD!$B$109:$BP$139,21,0) -> 0 | ... AI102: =VLOOKUP(AI$3,TOD!$B$109:$BP$139,21,0) -> 0 | AJ102: =SUM(E102:AI102) -> 278.96894 | AK102: =IFERROR(AJ102/AJ103, "-") -> 0.098721255
...

Sheet PF & Demand
A1: pf | F1: kva
B4: pf | G4: Demand
B5: 66KV CR panel | C5: E & P office EB Incomer | D5: Ware house EB Incomer | E5: 120Kw Solar kit( chiller area 3to6) | G5: 66KV CR panel | H5: E & P office EB Incomer | I5: Ware house EB Incomer | J5: 120Kw Solar kit( chiller area 3to6) | L5: Demand | P5: pf
B6: 12744 | C6: 12819 | D6: 13578 | E6: 23137 | G6: 12744 | H6: 12819 | I6: 13578 | J6: 23137 | L6: 66KV CR panel | M6: E & P office EB Incomer | N6: Ware house EB Incomer | O6: 120Kw Solar kit( chiller area 3to6) | P6: 66KV CR panel | Q6: E & P office EB Incomer | R6: Ware house EB Incomer | S6: 120Kw Solar kit( chiller area 3to6)
A7: 46235.25 | B7: 1 | C7: 0.84851122 | D7: 0.57982099 | E7: 0.14653481 | F7: 46235.25 | G7: 2.8634505 | H7: 62.20738 | I7: 26.509625 | J7: 3.8499602 | K7: 46235 | L7: 2.9938045 | M7: 112.0532 | N7: 42.657796 | O7: 77.99116 | P7: 1 | Q7: 0.84783442 | R7: 0.5935976 | S7: 0.44986552
A8: 46235.292 | B8: 1 | C8: 0.88244205 | D8: 0.80088747 | E8: 0.81193173 | F8: 46235.292 | G8: 2.9938045 | H8: 73.301853 | I8: 34.588595 | J8: 10.493632 | K8: 46236 | L8: 3.100556 | M8: 76.295999 | N8: 23.708432 | O8: 111.24365 | P8: 0.99985507 | Q8: 0.77261555 | R8: 0.1821207 | S8: 0.42446626
A9: 46235.333 | B9: 0 | C9: 0.89515676 | D9: 0.45337941 | E9: 0.99014561 | F9: 46235.333 | G9: 2.8977681 | H9: 76.345453 | I9: 24.859421 | J9: 32.865172 | K9: 46237 | L9: 3.0450204 | M9: 123.18908 | N9: 40.136758 | O9: 82.394933 | P9: 1 | Q9: 0.87607034 | R9: 0.58194994 | S9: 0.46935849
A10: 46235.375 | B10: 1 | C10: 0.88473322 | D10: 0.43602632 | E10: 0.99551799 | F10: 46235.375 | G10: 2.8546032 | H10: 73.100614 | I10: 26.084224 | J10: 49.317 | K10: 46238 | L10: 3.0295609 | M10: 129.09012 | N10: 38.796131 | O10: 94.151086 | P10: 1 | Q10: 0.87294766 | R10: 0.60167714 | S10: 0.41280628
A11: 46235.417 | B11: 1 | C11: 0.88897634 | D11: 0.35521082 | E11: 0.99830288 | F11: 46235.417 | G11: 2.8616747 | H11: 75.138669 | I11: 23.385891 | J11: 75.140074 | K11: 46239 | L11: 3.002806 | M11: 122.94877 | N11: 32.979512 | O11: 93.74145 | P11: 1 | Q11: 0.8560166 | R11: 0.57748045 | S11: 0.41133176
A12: 46235.458 | B12: 1 | C12: 0.91191457 | D12: 0.41247755 | E12: 0.99868359 | F12: 46235.458 | G12: 2.7981317 | H12: 78.96897 | I12: 24.327397 | J12: 70.322363 | K12: 46240 | L12: 2.8103617 | M12: 127.12432 | N12: 38.033063 | O12: 87.220391 | P12: 1 | Q12: 0.87955679 | R12: 0.57283868 | S12: 0.45066821
A13: 46235.5 | B13: 1 | C13: 0.9385188 | D13: 0.44203691 | E13: 0.99831926 | F13: 46235.5 | G13: 2.8465355 | H13: 112.0532 | I13: 23.931034 | J13: 61.865846 | K13: 46241 | L13: 2.9475275 | M13: 129.96989 | N13: 38.343733 | O13: 67.560433 | P13: 1 | Q13: 0.86841196 | R13: 0.57657177 | S13: 0.44556854
A14: 46235.542 | B14: 1 | C14: 0.93473974 | D14: 0.46419891 | E14: 0.99870868 | F14: 46235.542 | G14: 2.8919021 | H14: 103.72417 | I14: 25.202935 | J14: 77.99116 | K14: 46242 | L14: 2.981182 | M14: 78.5582 | N14: 42.408224 | O14: 108.31333 | P14: 1 | Q14: 0.76037314 | R14: 0.55593355 | S14: 0.42804659
A15: 46235.583 | B15: 1 | C15: 0.94230536 | D15: 0.42627761 | E15: 0.98170388 | F15: 46235.583 | G15: 2.738229 | H15: 109.33861 | I15: 24.320943 | J15: 73.559733 | K15: 46243 | L15: 2.9968629 | M15: 60.146387 | N15: 24.165906 | O15: 100.58161 | P15: 1 | Q15: 0.74644521 | R15: 0.16378728 | S15: 0.43550362
A16: 46235.625 | B16: 1 | C16: 0.93293921 | D16: 0.31628385 | E16: 0.98418876 | F16: 46235.625 | G16: 2.8533428 | H16: 106.36912 | I16: 23.849785 | J16: 39.277736 | K16: 46244 | L16: 2.9917824 | M16: 136.17964 | N16: 47.546789 | O16: 110.52566 | P16: 1 | Q16: 0.88424689 | R16: 0.6035864 | S16: 0.42202455
A17: 46235.667 | B17: 1 | C17: 0.90844244 | D17: 0.47619573 | E17: 0.9708272 | F17: 46235.667 | G17: 2.8701365 | H17: 96.298439 | I17: 25.597197 | J17: 39.610432 | K17: 46245 | L17: 3.0597514 | M17: 139.60378 | N17: 45.186539 | O17: 129.1892 | P17: 1 | Q17: 0.89309465 | R17: 0.60768106 | S17: 0.46388034
A18: 46235.708 | B18: 1 | C18: 0.90704153 | D18: 0.57919087 | E18: 0.86056631 | F18: 46235.708 | G18: 2.7868974 | H18: 96.822976 | I18: 24.183489 | J18: 10.944364 | K18: 46246 | L18: 3.0107318 | M18: 139.75594 | N18: 40.521268 | O18: 102.6304 | P18: 0.99985205 | Q18: 0.80730729 | R18: 0.62115087 | S18: 0.4559872
... A23: 46235.917 | B23: 1 | C23: 0.82662492 | D23: 0.65346337 | E23: 1e-18 | F23: 46235.917 | G23: 2.8669015 | H23: 59.487653 | I23: 26.492286 | J23: 0 | K23: 46251 | L23: 2.9729669 | M23: 125.4683 | N23: 47.37132 | O23: 116.79669 | P23: 1 | Q23: 0.86724488 | R23: 0.65485071 | S23: 0.4583923
A24: 46235.958 | B24: 1 | C24: 0.76721876 | D24: 0.74839276 | E24: 1e-18 | F24: 46235.958 | G24: 2.8826125 | H24: 55.33544 | I24: 30.78316 | J24: 0 | K24: 46252 | L24: 0 | M24: 0 | N24: 0 | O24: 0 | P24: - | Q24: - | R24: - | S24: -
A25: 46236 | B25: 1 | C25: 0.77380733 | D25: 0.86178502 | E25: 1e-18 | F25: 46236 | G25: 2.7961857 | H25: 55.975964 | I25: 42.657796 | J25: 0 | K25: 46253 | L25: 0 | M25: 0 | N25: 0 | O25: 0 | P25: - | Q25: - | R25: - | S25: -
